accuracy,previous_score,avg_time,difficulty_level,topic_accuracy,next_score,competency
69.93,54.67,32.7,3,68.99,83.12,Intermediate
57.23,50.35,42.4,2,51.05,67.76,Beginner
72.95,69.64,36.2,1,67.19,76.07,Intermediate
90.46,100.0,44.0,2,90.82,92.96,Intermediate
55.32,59.77,50.7,1,56.66,49.6,Beginner
55.32,44.63,71.7,2,49.84,57.42,Beginner
91.58,95.47,48.6,3,88.31,90.15,Advanced
75.35,62.97,23.3,2,91.48,66.37,Intermediate
50.61,59.27,77.8,3,67.22,62.9,Beginner
70.85,67.08,38.3,2,73.88,69.01,Intermediate
50.73,49.98,53.8,1,34.64,59.85,Beginner
50.69,61.29,63.9,2,57.15,59.92,Beginner
64.84,54.54,59.0,2,83.49,70.99,Intermediate
21.73,10.56,76.9,2,38.17,31.67,Beginner
25.5,20.83,64.6,1,34.31,25.77,Beginner
48.75,57.06,37.8,2,65.82,64.0,Beginner
39.74,27.59,98.6,1,40.38,42.82,Beginner
66.28,43.63,58.9,1,73.82,68.79,Intermediate
41.84,38.23,52.1,2,33.67,42.6,Beginner
31.75,36.17,74.3,1,35.26,29.63,Beginner
89.31,98.92,60.0,3,100.0,95.03,Advanced
55.48,51.78,63.0,2,48.41,60.35,Beginner
61.35,58.06,104.8,3,51.01,58.71,Beginner
31.51,40.74,49.5,2,32.67,28.35,Beginner
49.11,34.15,48.6,2,46.39,45.56,Beginner
62.22,59.11,57.3,1,70.01,70.42,Intermediate
36.98,38.5,76.4,3,31.54,40.34,Beginner
67.51,71.11,24.9,2,88.14,68.08,Intermediate
47.99,43.91,15.7,3,32.51,62.85,Beginner
54.17,54.44,43.3,2,69.21,51.1,Intermediate
47.97,28.06,22.3,1,38.79,45.77,Beginner
97.05,91.78,46.5,2,75.49,92.67,Intermediate
59.73,63.36,65.0,1,62.58,70.66,Beginner
38.85,30.99,37.2,2,35.79,55.7,Beginner
76.45,76.92,26.5,1,63.14,80.84,Intermediate
35.58,39.16,56.4,2,15.41,45.44,Beginner
64.18,61.44,72.3,3,64.08,65.56,Intermediate
20.81,22.17,21.1,2,32.52,38.83,Beginner
33.44,25.73,71.4,3,40.46,42.37,Beginner
63.94,62.28,71.3,2,64.62,71.94,Intermediate
74.77,79.65,74.1,2,80.52,76.15,Intermediate
63.43,64.68,79.4,3,63.1,66.74,Intermediate
57.69,52.99,99.0,3,40.53,73.05,Beginner
53.98,55.77,47.9,3,36.93,62.9,Beginner
30.43,36.15,57.2,1,27.99,42.7,Beginner
45.6,29.2,46.7,2,43.68,51.49,Beginner
50.79,60.06,55.0,1,61.0,47.63,Beginner
81.14,78.45,85.7,2,90.23,79.15,Intermediate
66.87,70.28,28.1,2,74.13,70.14,Intermediate
24.74,34.32,37.8,3,21.38,29.0,Beginner
66.48,55.51,82.5,3,49.91,64.52,Intermediate
52.3,46.62,75.4,2,57.24,63.32,Beginner
46.46,44.15,47.7,1,52.76,45.48,Beginner
72.23,65.96,72.1,3,43.57,77.28,Intermediate
80.62,94.5,61.8,1,70.61,81.95,Intermediate
78.63,71.77,85.0,2,70.33,76.81,Intermediate
43.22,38.77,56.5,1,44.64,54.46,Beginner
53.82,55.45,75.5,2,44.18,50.81,Beginner
66.63,57.01,107.8,3,66.17,69.86,Intermediate
79.51,76.35,67.0,1,76.98,80.63,Intermediate
50.42,52.96,56.0,2,48.51,54.06,Beginner
56.29,53.62,69.4,1,47.69,50.0,Beginner
37.87,37.13,47.7,3,30.21,50.07,Beginner
36.08,31.84,102.8,3,23.11,44.65,Beginner
76.25,64.13,58.6,1,80.81,72.1,Intermediate
87.12,89.7,49.5,1,93.98,90.4,Intermediate
58.56,72.6,38.3,2,49.31,64.12,Beginner
80.07,80.22,76.9,1,98.32,71.98,Intermediate
67.23,69.03,72.3,2,63.46,64.73,Intermediate
47.1,52.64,45.1,1,65.46,56.16,Beginner
67.23,57.07,66.5,1,59.52,69.71,Beginner
90.76,100.0,24.8,2,66.44,88.11,Intermediate
59.28,60.9,58.7,1,64.11,55.39,Beginner
91.29,100.0,64.1,3,94.28,90.9,Advanced
7.61,1.74,89.1,1,8.02,10.33,Beginner
76.44,90.98,39.6,1,68.73,71.25,Intermediate
61.74,67.94,29.4,3,61.33,56.35,Intermediate
54.02,58.44,37.1,2,47.88,64.54,Beginner
61.84,63.71,28.3,2,58.21,70.71,Intermediate
20.25,18.26,81.7,1,30.35,16.99,Beginner
55.61,65.21,86.0,2,57.82,59.98,Beginner
67.14,68.27,61.4,2,74.46,64.36,Intermediate
89.56,73.82,79.4,1,86.78,86.82,Intermediate
49.63,40.7,57.7,3,45.53,53.6,Beginner
43.83,42.34,53.1,2,29.99,45.76,Beginner
49.96,52.44,48.3,2,45.52,65.99,Beginner
78.31,77.86,48.8,2,38.45,77.4,Intermediate
66.58,76.33,24.0,2,59.49,64.4,Intermediate
49.4,33.8,60.3,1,48.42,46.88,Beginner
70.27,71.41,54.2,2,77.03,78.91,Intermediate
61.94,47.4,69.9,1,58.72,53.07,Beginner
79.37,85.45,56.9,2,83.54,76.45,Intermediate
45.96,45.2,51.7,3,19.8,60.96,Beginner
53.45,56.8,37.6,2,52.76,58.63,Beginner
52.16,45.25,56.4,3,32.0,59.14,Beginner
30.73,40.97,69.8,1,16.23,47.06,Beginner
65.92,74.26,32.1,2,63.68,70.13,Intermediate
65.22,69.89,56.7,3,80.54,65.75,Intermediate
60.1,59.07,59.7,2,64.56,61.6,Intermediate
55.31,59.95,40.6,2,55.53,52.07,Beginner
31.69,26.04,43.2,1,31.46,42.69,Beginner
51.59,58.43,59.6,2,43.02,58.91,Beginner
53.15,66.34,32.3,1,46.62,61.64,Beginner
43.95,52.52,62.0,3,49.08,57.72,Beginner
56.77,50.94,37.1,1,40.15,55.75,Beginner
68.08,70.97,76.3,3,75.2,66.97,Intermediate
97.72,87.38,101.8,2,93.06,94.6,Intermediate
63.49,68.07,37.8,1,73.4,59.18,Intermediate
65.15,68.76,65.7,2,76.68,68.93,Intermediate
58.51,43.55,40.5,3,38.43,70.62,Beginner
21.62,12.33,75.8,3,14.65,28.89,Beginner
59.47,57.2,29.7,1,49.2,61.61,Beginner
61.2,58.8,64.6,1,39.45,61.75,Beginner
99.0,89.32,37.5,1,86.61,100.0,Advanced
56.15,59.26,50.9,1,85.45,53.65,Intermediate
66.03,68.04,34.4,2,73.35,55.57,Intermediate
59.31,57.75,71.4,3,82.31,67.39,Intermediate
36.63,30.58,38.3,2,46.58,47.62,Beginner
82.86,91.25,66.0,2,73.95,86.91,Intermediate
75.04,88.28,48.1,2,70.46,73.19,Intermediate
75.82,71.95,52.7,2,82.88,70.94,Intermediate
41.81,36.91,58.0,1,47.06,47.43,Beginner
88.06,91.99,39.8,2,81.13,89.86,Intermediate
31.96,29.1,59.2,3,13.84,38.65,Beginner
71.74,70.62,85.6,2,100.0,84.93,Intermediate
99.0,100.0,39.4,1,97.31,91.4,Advanced
40.19,24.91,78.4,1,36.28,53.62,Beginner
48.67,59.22,85.0,1,50.03,50.97,Beginner
61.99,62.57,38.7,2,59.08,54.02,Intermediate
49.93,46.64,25.9,3,51.4,54.86,Beginner
28.99,28.27,61.0,1,44.43,38.42,Beginner
61.37,61.07,44.1,3,59.88,64.27,Intermediate
38.75,24.9,92.4,2,24.8,34.8,Beginner
69.47,81.43,55.7,2,67.53,70.93,Intermediate
41.61,41.94,39.0,3,36.04,43.14,Beginner
91.0,94.54,32.1,1,100.0,92.67,Advanced
44.33,51.95,76.8,3,58.39,55.43,Beginner
53.56,45.39,43.6,1,54.85,48.94,Beginner
76.27,80.06,55.9,2,60.93,73.93,Intermediate
35.38,33.24,74.1,3,20.67,47.09,Beginner
64.55,71.32,45.3,3,64.73,64.23,Intermediate
86.14,69.13,54.1,2,90.18,80.76,Intermediate
27.85,27.06,54.7,2,23.35,26.55,Beginner
63.69,58.87,68.7,2,57.93,68.71,Intermediate
65.2,68.66,66.8,3,58.08,71.84,Intermediate
75.64,79.4,50.6,1,75.36,71.48,Intermediate
35.26,29.6,56.3,3,6.67,42.47,Beginner
33.59,27.89,47.6,2,20.37,48.07,Beginner
70.44,69.55,25.4,2,62.91,66.96,Intermediate
65.94,58.77,60.2,2,80.43,56.95,Intermediate
65.01,71.75,92.8,2,55.24,70.54,Beginner
66.93,63.98,37.3,3,69.09,70.91,Intermediate
46.4,23.14,39.5,2,49.12,46.43,Beginner
64.65,61.65,37.6,3,80.22,73.39,Intermediate
65.86,57.55,69.5,1,81.01,71.63,Intermediate
45.71,32.66,64.0,2,45.02,36.81,Beginner
97.32,87.42,51.8,3,91.61,95.61,Advanced
69.48,70.35,36.6,2,61.51,85.82,Intermediate
36.17,46.8,56.8,2,33.28,44.78,Beginner
73.13,75.64,23.7,2,67.92,79.34,Intermediate
40.51,35.65,57.9,3,47.15,54.3,Beginner
75.74,79.39,72.4,3,80.79,79.78,Intermediate
83.17,79.5,30.0,1,90.27,87.3,Intermediate
43.59,38.03,24.3,3,58.7,54.41,Beginner
79.27,70.03,86.6,2,100.0,84.16,Intermediate
68.26,54.24,42.8,1,69.75,66.86,Intermediate
76.44,73.32,77.7,3,89.63,81.36,Intermediate
97.94,99.2,51.9,2,93.72,94.57,Advanced
55.09,54.32,51.8,3,69.31,60.76,Intermediate
44.93,41.6,63.8,1,57.66,40.32,Beginner
42.21,34.64,37.3,1,54.31,40.09,Beginner
43.68,48.55,57.6,2,44.81,46.5,Beginner
58.46,47.92,47.4,1,50.44,54.12,Beginner
66.82,73.03,28.6,3,50.09,68.45,Intermediate
65.53,57.52,61.7,1,65.05,65.31,Intermediate
76.54,70.52,49.7,2,94.94,80.83,Intermediate
60.26,48.53,51.9,1,56.54,67.13,Beginner
89.07,85.06,30.8,1,98.49,85.16,Intermediate
54.71,62.51,86.8,3,64.83,68.34,Beginner
99.0,100.0,72.5,1,95.6,100.0,Intermediate
72.51,80.34,74.3,2,88.31,77.74,Intermediate
42.86,47.03,48.9,3,7.95,50.35,Beginner
38.58,29.75,20.4,2,23.91,45.41,Beginner
69.65,67.0,94.1,3,58.66,81.2,Intermediate
55.53,49.29,53.8,1,45.69,64.43,Beginner
74.28,84.92,40.0,1,78.32,82.35,Intermediate
69.46,59.89,63.3,3,72.95,74.16,Intermediate
58.54,65.69,78.3,2,63.27,65.19,Beginner
43.06,50.21,54.5,2,50.22,55.68,Beginner
29.7,44.34,80.6,2,18.3,31.58,Beginner
51.07,47.79,76.7,2,36.45,53.07,Beginner
77.13,82.83,33.5,1,81.88,77.05,Intermediate
64.28,82.54,41.5,3,56.72,74.54,Intermediate
35.09,30.14,74.2,2,16.24,45.77,Beginner
63.46,51.18,10.0,2,75.12,65.0,Intermediate
67.71,52.67,52.0,3,84.45,63.24,Intermediate
42.32,48.02,26.4,1,61.01,46.41,Beginner
63.07,48.01,45.5,1,65.32,58.52,Intermediate
61.16,58.19,49.0,3,68.68,57.33,Intermediate
37.14,40.64,47.8,3,53.58,36.59,Beginner
67.16,68.64,44.0,2,59.46,71.74,Intermediate
71.22,74.62,33.1,1,84.54,79.68,Intermediate
81.66,83.44,100.8,1,84.97,78.36,Intermediate
81.08,91.31,92.3,2,92.04,83.86,Intermediate
32.45,24.83,31.8,2,34.68,44.95,Beginner
41.24,35.83,86.6,3,56.8,38.68,Beginner
70.3,64.12,47.0,3,72.98,77.8,Intermediate
70.28,76.92,57.6,3,52.47,74.58,Intermediate
70.3,77.5,53.7,2,87.72,76.07,Intermediate
99.0,100.0,41.8,3,87.63,98.18,Advanced
71.42,80.89,74.7,2,86.45,68.8,Intermediate
82.71,73.29,57.5,1,81.63,82.94,Intermediate
79.08,92.42,45.5,1,93.19,88.65,Intermediate
73.03,85.21,28.9,2,86.65,80.35,Intermediate
53.69,59.58,37.1,3,58.86,56.35,Intermediate
75.18,89.43,22.2,1,81.28,67.12,Intermediate
44.54,31.29,55.2,1,49.62,36.89,Beginner
55.26,51.07,31.1,3,31.1,68.74,Beginner
50.29,44.41,49.7,1,51.71,46.54,Beginner
61.64,67.41,82.4,3,48.24,64.75,Beginner
99.0,90.6,79.0,1,100.0,100.0,Intermediate
22.65,28.71,54.4,1,8.94,17.16,Beginner
73.73,84.69,53.3,3,59.51,86.78,Intermediate
27.75,33.31,92.6,1,47.0,30.0,Beginner
50.56,52.83,65.4,2,63.39,47.62,Beginner
81.78,73.88,48.4,1,81.73,79.75,Intermediate
61.29,54.51,26.5,1,63.5,58.05,Intermediate
38.45,48.44,62.9,1,35.47,44.01,Beginner
45.69,51.93,71.6,1,52.53,44.15,Beginner
73.59,73.28,42.4,1,65.48,62.23,Intermediate
45.39,42.05,60.8,3,57.32,50.44,Beginner
64.33,48.12,47.7,2,61.29,59.04,Intermediate
60.91,52.34,51.3,1,55.87,63.26,Beginner
46.97,62.26,10.0,2,47.23,44.09,Beginner
99.0,88.76,50.6,3,91.91,98.15,Advanced
72.68,74.19,74.4,3,76.62,77.96,Intermediate
19.5,27.56,42.4,2,13.05,24.66,Beginner
63.73,53.69,56.1,3,69.35,70.13,Intermediate
46.76,48.24,39.9,1,61.36,53.1,Beginner
77.05,84.55,62.2,2,68.42,71.94,Intermediate
44.15,44.25,50.7,2,42.58,48.23,Beginner
57.71,80.65,36.2,2,63.24,41.11,Intermediate
70.1,56.75,81.7,2,64.87,73.98,Intermediate
77.32,85.78,73.6,2,82.89,77.33,Intermediate
35.99,34.61,42.9,3,42.66,37.21,Beginner
53.31,59.49,65.0,3,66.31,60.94,Intermediate
50.5,54.03,65.7,2,43.23,61.5,Beginner
46.93,41.07,67.8,2,35.62,48.32,Beginner
95.31,97.14,21.1,1,91.62,88.02,Advanced
68.1,53.24,75.1,1,56.49,69.64,Beginner
34.78,39.61,43.6,2,41.56,31.99,Beginner
78.36,80.74,47.8,2,64.42,76.13,Intermediate
99.0,100.0,107.8,1,100.0,100.0,Intermediate
80.65,89.11,61.0,3,96.2,84.57,Intermediate
29.61,32.55,47.3,2,29.76,23.97,Beginner
50.32,51.5,10.9,2,60.72,43.51,Intermediate
85.34,78.29,82.8,1,65.7,85.48,Intermediate
45.85,40.15,28.1,1,76.13,53.35,Beginner
68.88,78.37,34.9,3,61.79,63.66,Intermediate
75.49,86.98,48.4,2,74.05,80.15,Intermediate
41.46,39.56,83.3,3,19.19,56.13,Beginner
58.81,59.18,70.5,3,64.64,75.43,Intermediate
5.0,0.0,51.8,2,0.0,14.59,Beginner
39.51,48.89,61.2,1,40.73,45.39,Beginner
54.95,60.27,43.0,3,48.42,47.75,Beginner
35.04,50.57,57.8,3,22.11,54.84,Beginner
92.65,85.62,56.5,2,83.0,89.78,Intermediate
31.4,28.37,74.4,3,34.11,33.28,Beginner
51.2,53.05,74.3,3,35.82,55.57,Beginner
62.61,67.79,64.9,2,53.63,74.68,Beginner
88.83,87.1,47.8,2,96.78,100.0,Intermediate
31.28,24.3,69.8,3,62.51,39.53,Beginner
83.26,90.31,53.2,2,88.99,90.59,Intermediate
60.2,65.97,33.4,1,49.2,61.65,Beginner
40.37,33.04,46.9,1,35.96,36.91,Beginner
69.24,80.09,56.7,1,69.62,78.56,Intermediate
63.98,73.34,73.2,1,59.79,61.13,Beginner
48.0,49.07,51.3,3,58.83,63.37,Beginner
61.4,62.03,30.8,1,64.01,70.28,Intermediate
52.29,56.73,56.1,1,63.19,57.79,Beginner
62.27,55.38,57.3,1,58.5,74.26,Beginner
73.24,73.48,58.7,2,89.15,88.78,Intermediate
91.72,74.5,73.4,2,89.72,91.33,Intermediate
35.24,42.26,75.4,1,23.59,33.57,Beginner
99.0,86.51,43.1,1,100.0,85.89,Advanced
20.96,32.99,42.7,1,0.0,38.75,Beginner
56.96,54.32,34.2,2,48.1,57.77,Beginner
71.77,70.07,69.0,1,64.24,78.84,Intermediate
65.62,60.6,84.0,3,95.72,65.92,Intermediate
47.55,45.24,48.7,2,69.23,60.97,Beginner
55.84,67.19,50.2,1,73.76,53.17,Beginner
50.14,30.24,84.3,2,46.17,46.98,Beginner
48.21,58.43,65.1,1,77.33,49.1,Beginner
76.99,79.7,63.7,2,81.41,75.64,Intermediate
67.14,57.48,31.2,1,78.87,71.35,Intermediate
46.14,37.54,68.6,2,48.3,50.14,Beginner
77.99,91.4,36.4,3,77.4,85.52,Intermediate
66.15,58.58,32.3,3,63.12,69.11,Intermediate
76.26,67.03,48.1,1,73.74,72.17,Intermediate
72.59,81.69,43.3,1,79.89,69.28,Intermediate
43.42,46.13,50.6,2,47.83,60.22,Beginner
48.8,41.29,26.2,3,48.42,56.24,Beginner
74.95,76.68,74.2,3,93.06,67.05,Intermediate
72.21,64.0,77.6,1,36.61,69.31,Beginner
59.58,68.39,16.1,1,65.7,61.4,Intermediate
62.35,70.84,74.6,2,70.96,76.43,Intermediate
85.55,89.81,38.8,1,99.32,90.88,Intermediate
48.17,51.06,72.1,1,47.39,44.78,Beginner
70.94,85.03,53.6,1,73.44,85.78,Intermediate
55.96,55.95,55.6,2,67.79,59.29,Intermediate
55.65,46.19,51.3,3,73.54,68.67,Intermediate
81.98,85.57,79.2,3,78.37,78.49,Intermediate
76.51,93.2,30.2,2,79.71,64.0,Intermediate
76.27,68.15,67.2,2,96.41,69.72,Intermediate
86.11,83.22,77.0,3,60.62,69.72,Intermediate
60.42,63.75,69.3,1,52.14,74.26,Beginner
73.64,73.21,101.5,2,91.23,74.04,Intermediate
53.79,45.94,44.4,2,66.91,51.94,Intermediate
66.48,75.46,74.1,1,72.75,69.88,Intermediate
57.4,75.96,52.9,2,52.01,61.94,Beginner
61.94,63.51,79.7,1,51.36,66.71,Beginner
71.9,64.67,54.8,2,64.81,81.41,Intermediate
43.64,31.24,47.2,1,62.21,44.41,Beginner
99.0,100.0,81.1,1,91.46,91.8,Intermediate
39.88,48.71,45.2,1,41.1,47.66,Beginner
35.72,39.52,26.7,3,26.67,47.67,Beginner
83.16,83.14,44.7,2,93.28,85.11,Intermediate
75.83,71.12,67.4,2,69.37,90.83,Intermediate
72.48,63.75,82.8,2,71.31,72.06,Intermediate
72.57,79.24,57.2,2,52.37,69.36,Intermediate
59.76,67.07,81.4,1,40.39,63.48,Beginner
42.05,29.69,27.8,2,42.15,42.64,Beginner
61.52,74.23,46.1,1,45.61,65.57,Beginner
46.46,51.05,49.2,1,71.72,43.74,Beginner
79.5,90.7,52.7,2,54.76,78.74,Intermediate
57.06,46.32,56.7,1,47.46,69.84,Beginner
43.49,32.56,68.8,1,43.69,43.58,Beginner
53.57,52.38,46.1,2,49.19,52.49,Beginner
68.26,72.28,57.8,2,55.01,77.82,Intermediate
48.73,63.1,54.1,2,37.23,46.52,Beginner
43.56,49.2,36.5,2,31.67,43.91,Beginner
64.87,62.93,52.7,2,61.43,71.14,Intermediate
64.9,56.69,52.1,2,88.32,73.34,Intermediate
49.86,59.7,51.7,1,50.8,59.2,Beginner
50.58,42.86,55.6,1,64.77,48.05,Beginner
64.64,77.67,56.5,2,70.72,71.05,Intermediate
31.04,28.76,46.4,1,44.4,31.76,Beginner
31.85,44.58,80.5,3,0.0,35.67,Beginner
45.63,51.06,31.6,3,41.98,59.2,Beginner
55.73,54.64,40.6,1,71.42,53.98,Beginner
66.22,62.06,110.6,1,59.36,65.59,Beginner
89.51,86.78,34.2,1,100.0,89.28,Intermediate
77.15,80.58,27.9,1,94.96,70.56,Intermediate
56.8,57.42,69.7,1,51.17,64.05,Beginner
59.62,54.87,13.5,2,53.58,66.21,Intermediate
39.95,38.62,50.3,3,27.79,34.84,Beginner
59.63,60.26,97.9,2,52.07,64.52,Beginner
54.23,37.2,24.1,1,39.44,51.25,Beginner
66.45,70.12,15.4,2,71.6,75.72,Intermediate
43.46,35.62,25.0,2,25.98,39.31,Beginner
70.39,61.16,73.0,3,77.63,72.62,Intermediate
90.65,77.16,77.5,3,98.19,95.57,Advanced
57.82,43.47,44.7,3,37.89,63.52,Beginner
68.03,57.19,68.7,2,86.63,75.17,Intermediate
73.8,68.13,82.8,2,79.97,66.79,Intermediate
51.98,67.6,90.7,1,60.97,63.73,Beginner
64.48,60.27,50.1,2,55.38,70.47,Intermediate
60.25,61.67,10.0,1,67.72,69.59,Intermediate
61.95,65.16,38.6,2,75.47,70.24,Intermediate
44.54,45.59,46.5,2,43.36,48.91,Beginner
60.49,59.87,49.8,1,84.51,53.95,Intermediate
69.96,60.4,51.2,1,70.49,66.98,Intermediate
89.02,100.0,77.4,1,100.0,97.44,Intermediate
79.19,93.64,80.5,1,82.7,87.16,Intermediate
99.0,85.54,51.6,1,100.0,93.36,Advanced
44.65,36.46,77.0,1,24.6,30.17,Beginner
77.45,75.21,62.2,1,81.9,75.97,Intermediate
63.67,55.95,56.3,1,54.85,62.85,Beginner
99.0,100.0,73.1,3,88.84,99.58,Advanced
43.83,38.01,56.4,1,64.76,49.5,Beginner
43.21,60.53,96.2,1,40.64,51.01,Beginner
48.01,57.54,26.2,2,35.97,58.11,Beginner
17.52,19.22,44.7,3,13.21,28.79,Beginner
49.48,57.7,52.5,2,33.88,42.72,Beginner
44.82,53.66,63.8,1,62.02,45.18,Beginner
63.01,58.5,80.4,2,54.66,79.79,Beginner
66.84,60.31,54.5,2,73.19,71.73,Intermediate
97.52,98.15,26.6,2,100.0,99.93,Advanced
79.01,85.9,71.9,2,73.01,82.84,Intermediate
48.46,49.57,70.1,3,54.85,57.08,Beginner
42.03,29.42,16.2,3,29.67,34.37,Beginner
69.84,63.42,54.9,2,99.19,70.81,Intermediate
33.6,33.0,23.2,2,44.83,38.68,Beginner
96.63,96.02,41.7,2,94.32,100.0,Advanced
83.59,99.37,36.9,3,74.31,87.19,Intermediate
50.62,39.53,71.2,1,49.25,42.69,Beginner
25.74,29.78,57.3,3,21.66,36.26,Beginner
87.08,98.99,29.3,1,100.0,81.29,Intermediate
57.71,75.88,72.6,2,43.0,53.79,Beginner
84.76,81.52,26.3,3,86.37,82.97,Advanced
28.11,32.04,61.6,1,27.89,35.12,Beginner
48.01,52.57,38.7,2,46.6,59.72,Beginner
60.1,61.67,47.7,1,58.8,64.19,Beginner
60.94,60.15,65.1,2,59.55,67.86,Beginner
51.0,54.49,65.4,1,61.48,55.76,Beginner
72.46,52.2,81.7,2,79.76,75.27,Intermediate
38.65,44.1,53.4,2,43.67,47.74,Beginner
57.15,58.16,61.1,3,20.74,48.07,Beginner
62.41,60.63,46.2,3,66.0,68.08,Intermediate
70.29,86.66,58.6,1,50.42,64.4,Beginner
74.23,68.83,63.8,2,81.99,83.27,Intermediate
37.51,34.28,53.0,1,55.2,39.62,Beginner
29.32,45.25,18.9,1,18.2,33.16,Beginner
85.55,78.9,61.6,1,82.41,75.68,Intermediate
66.65,62.25,62.3,3,59.45,77.42,Intermediate
45.03,43.85,41.4,3,59.86,55.19,Beginner
91.02,97.75,29.3,1,92.16,93.08,Intermediate
62.31,63.98,84.5,1,83.05,58.45,Intermediate
83.59,73.24,64.8,1,88.55,78.26,Intermediate
61.35,57.09,50.4,2,64.26,65.78,Intermediate
99.0,94.14,32.3,2,99.82,94.91,Advanced
95.11,94.49,38.6,1,100.0,96.11,Advanced
55.02,58.43,81.1,3,34.17,47.65,Beginner
79.43,82.78,57.8,1,80.46,76.15,Intermediate
72.91,58.7,44.0,3,72.07,87.86,Intermediate
87.37,95.88,65.2,2,96.08,91.02,Intermediate
40.7,42.72,38.7,2,38.45,46.45,Beginner
73.72,84.8,85.0,3,61.26,89.73,Intermediate
81.17,84.72,82.1,3,81.26,70.66,Intermediate
24.83,33.64,45.7,1,11.83,23.95,Beginner
36.33,40.07,42.4,1,13.23,37.02,Beginner
19.22,29.99,10.0,3,27.94,32.83,Beginner
54.61,58.79,25.4,1,61.56,61.5,Beginner
74.35,73.57,28.2,1,79.96,69.21,Intermediate
90.05,100.0,57.7,2,100.0,96.83,Advanced
61.48,68.59,48.5,3,53.5,64.14,Intermediate
92.57,97.16,28.1,3,75.4,100.0,Advanced
32.4,22.19,49.4,3,31.56,33.61,Beginner
25.93,15.63,65.1,2,21.76,31.12,Beginner
58.89,61.23,65.6,1,48.78,57.24,Beginner
67.68,68.85,17.0,2,66.72,76.6,Intermediate
59.35,54.43,52.4,3,52.01,61.46,Intermediate
18.65,19.78,27.3,1,0.0,22.9,Beginner
58.22,70.93,73.0,1,52.92,62.6,Beginner
33.91,39.47,70.7,1,20.27,40.47,Beginner
73.39,64.27,37.0,2,76.17,80.84,Intermediate
67.33,66.44,39.7,3,59.46,73.21,Intermediate
41.2,34.76,45.8,2,54.54,43.4,Beginner
49.72,46.62,10.0,3,68.97,53.65,Intermediate
38.82,35.51,61.7,1,46.97,41.86,Beginner
58.75,54.93,49.5,3,40.13,65.54,Beginner
79.1,69.06,74.4,3,97.17,81.89,Intermediate
40.29,39.26,33.0,1,59.19,43.18,Beginner
70.08,65.6,42.6,3,70.31,65.37,Intermediate
49.39,25.96,24.9,1,65.27,55.45,Beginner
44.14,60.57,34.9,3,37.52,51.7,Beginner
57.86,66.57,31.4,3,35.46,69.24,Beginner
39.3,36.28,74.9,3,30.17,46.15,Beginner
48.93,49.08,41.0,2,69.68,42.58,Beginner
36.04,26.67,57.5,1,18.15,37.01,Beginner
99.0,100.0,47.4,2,98.99,97.88,Advanced
60.71,75.88,29.6,2,61.11,68.31,Intermediate
46.01,47.26,51.6,3,39.85,39.9,Beginner
64.28,72.47,67.0,3,58.96,69.38,Intermediate
57.75,59.16,30.8,3,58.62,66.22,Intermediate
55.58,44.89,71.2,1,48.83,53.17,Beginner
72.28,68.99,38.0,3,55.22,76.95,Intermediate
75.15,76.21,45.3,3,77.73,75.38,Intermediate
49.39,45.75,65.6,3,62.27,51.06,Beginner
48.48,46.73,41.7,1,58.92,48.15,Beginner
54.5,53.77,55.8,1,44.78,51.87,Beginner
13.96,13.31,48.7,1,0.0,22.95,Beginner
29.7,30.11,57.6,2,26.29,30.91,Beginner
87.34,78.85,10.0,2,100.0,82.93,Advanced
92.9,87.16,18.4,3,100.0,100.0,Advanced
55.02,44.74,67.3,2,63.47,64.38,Beginner
71.53,79.35,75.7,1,82.21,60.64,Intermediate
66.23,49.38,36.8,2,71.27,64.34,Intermediate
99.0,100.0,50.1,3,100.0,100.0,Advanced
82.39,93.48,60.9,3,90.34,87.74,Intermediate
57.44,55.02,68.9,3,50.89,53.9,Beginner
40.89,20.06,14.4,2,23.92,52.57,Beginner
27.87,24.98,37.3,2,36.55,38.59,Beginner
64.07,63.56,48.3,3,78.92,71.84,Intermediate
44.87,36.79,69.1,2,31.45,57.42,Beginner
31.55,27.43,105.0,1,41.42,34.74,Beginner
47.07,59.31,50.4,1,67.24,51.99,Beginner
38.37,43.69,26.9,1,38.34,50.65,Beginner
93.74,86.35,63.0,2,83.93,100.0,Intermediate
77.63,64.85,81.4,1,79.11,72.37,Intermediate
59.84,57.22,57.2,1,53.23,64.85,Beginner
89.6,87.89,36.9,1,82.2,84.45,Intermediate
61.55,65.52,74.2,2,66.75,67.65,Intermediate
42.77,38.49,68.3,2,23.53,50.21,Beginner
90.46,94.55,34.5,2,73.14,82.92,Intermediate
70.78,86.26,62.6,1,71.01,70.38,Intermediate
39.26,45.78,74.9,1,38.99,43.71,Beginner
56.19,55.81,78.6,2,60.32,57.08,Beginner
42.49,41.02,53.7,1,64.99,46.98,Beginner
32.34,29.49,47.8,1,33.6,40.59,Beginner
78.52,87.97,79.5,1,85.7,78.06,Intermediate
98.19,93.17,30.8,3,86.48,100.0,Advanced
32.03,32.39,63.8,2,41.24,45.77,Beginner
71.26,71.67,27.6,1,64.94,74.4,Intermediate
46.99,42.97,76.3,1,47.84,50.43,Beginner
50.26,39.28,49.8,3,48.95,50.49,Beginner
48.15,50.74,80.4,2,60.55,56.33,Beginner
42.72,42.23,64.8,2,27.0,49.28,Beginner
60.97,64.97,30.5,2,33.57,71.8,Beginner
43.38,39.11,83.5,3,40.82,50.19,Beginner
65.41,75.18,86.0,3,71.03,59.28,Intermediate
59.0,51.98,72.6,2,60.82,52.07,Beginner
55.22,68.92,39.8,2,70.01,63.22,Intermediate
41.85,27.87,48.9,1,47.1,41.08,Beginner
48.46,51.94,57.9,3,41.7,57.21,Beginner
75.11,78.91,40.9,2,47.2,77.78,Intermediate
70.02,63.65,88.8,1,67.17,69.42,Intermediate
40.45,43.84,57.9,3,52.78,46.63,Beginner
61.99,72.22,10.0,3,57.28,61.84,Intermediate
75.03,57.29,61.8,3,75.37,78.93,Intermediate
26.61,30.63,48.0,3,31.67,30.98,Beginner
70.87,50.92,53.5,3,58.68,72.96,Intermediate
46.75,39.02,47.6,1,54.23,47.07,Beginner
71.41,84.45,71.1,3,91.06,74.34,Intermediate
44.73,40.08,77.4,3,42.66,56.69,Beginner
23.9,14.51,60.7,1,10.35,27.21,Beginner
27.45,25.87,48.2,1,26.65,37.4,Beginner
60.96,77.5,54.2,3,34.27,75.31,Beginner
65.19,50.54,55.4,1,69.24,71.11,Intermediate
41.91,33.5,39.0,3,47.34,51.77,Beginner
72.77,84.75,66.6,1,92.88,74.91,Intermediate
26.77,41.63,64.2,1,24.44,35.82,Beginner
58.68,57.85,85.8,2,63.58,62.52,Beginner
35.78,25.87,80.1,1,25.44,44.82,Beginner
46.96,63.73,41.3,2,42.69,54.89,Beginner
60.95,73.7,71.4,2,42.65,61.91,Beginner
42.79,48.22,36.0,1,40.45,50.74,Beginner
52.31,45.81,68.9,1,48.65,54.67,Beginner
80.13,79.73,44.7,2,83.72,81.08,Intermediate
48.46,47.18,34.5,1,40.98,47.73,Beginner
76.71,79.36,60.6,3,77.71,81.57,Intermediate
37.41,49.01,10.0,2,33.41,48.39,Beginner
70.6,77.63,20.0,1,66.62,76.28,Intermediate
88.83,80.21,51.5,2,89.8,91.85,Intermediate
10.57,21.58,56.6,1,11.05,19.32,Beginner
44.06,46.57,47.6,1,53.2,54.17,Beginner
71.54,77.04,23.4,1,70.09,70.92,Intermediate
55.94,67.67,38.6,3,51.74,54.77,Intermediate
67.42,58.53,62.8,3,65.25,79.84,Intermediate
47.92,47.63,66.6,3,39.34,50.91,Beginner
61.73,57.48,54.7,1,57.41,58.65,Beginner
56.89,44.34,78.1,1,81.26,47.56,Beginner
83.36,86.13,62.9,2,72.4,88.11,Intermediate
65.09,85.18,40.1,2,61.74,58.15,Intermediate
66.75,52.03,49.4,3,62.1,66.91,Intermediate
51.76,51.5,26.9,1,48.8,57.15,Beginner
50.25,55.37,52.8,1,46.27,56.56,Beginner
51.35,52.33,77.2,2,54.7,51.33,Beginner
67.89,66.98,68.7,3,47.37,71.65,Intermediate
51.58,41.19,83.0,3,64.03,52.22,Beginner
65.8,67.66,48.9,2,73.39,65.24,Intermediate
99.0,92.95,81.9,3,84.09,100.0,Advanced
77.42,59.9,51.1,2,50.19,76.22,Intermediate
53.48,63.04,84.4,3,41.75,57.74,Beginner
84.02,91.69,54.6,3,81.11,78.51,Intermediate
51.84,52.25,69.1,3,82.8,64.49,Intermediate
19.24,21.07,84.5,1,25.76,26.76,Beginner
39.84,48.43,51.1,1,18.15,47.41,Beginner
22.58,24.38,59.4,2,14.31,36.52,Beginner
52.97,60.2,80.8,2,52.33,51.78,Beginner
60.37,57.99,52.3,3,63.41,63.39,Intermediate
93.53,100.0,28.6,1,77.75,80.68,Intermediate
66.54,69.1,97.9,1,64.92,86.06,Beginner
55.62,57.17,45.6,3,47.01,60.27,Beginner
76.59,66.43,58.2,1,63.34,82.69,Intermediate
15.78,18.07,78.1,1,18.89,13.09,Beginner
64.71,58.06,42.8,2,74.0,73.51,Intermediate
75.42,70.31,34.8,2,85.51,88.53,Intermediate
30.43,23.91,60.1,1,37.32,33.63,Beginner
82.88,74.35,19.1,3,76.91,80.18,Intermediate
66.77,83.77,49.2,2,75.34,68.6,Intermediate
51.69,62.34,59.9,3,55.4,44.2,Beginner
72.66,88.02,49.6,2,74.26,74.62,Intermediate
99.0,89.22,24.1,1,91.66,100.0,Advanced
63.64,64.21,86.9,1,57.67,64.33,Beginner
64.96,54.62,57.1,1,65.85,64.06,Intermediate
50.81,45.25,83.6,2,80.09,57.91,Beginner
43.0,35.66,49.8,1,46.62,49.19,Beginner
76.61,86.52,37.4,2,69.27,68.52,Intermediate
42.88,39.71,60.4,2,32.89,47.98,Beginner
61.43,69.98,50.7,1,55.53,77.13,Beginner
50.45,55.28,31.4,1,76.57,44.4,Beginner
69.58,88.01,84.4,3,64.79,73.5,Intermediate
66.67,54.84,42.6,3,77.56,82.99,Intermediate
80.75,90.82,18.2,1,76.24,86.92,Intermediate
49.8,58.97,81.6,1,52.93,48.74,Beginner
54.6,46.82,44.9,3,64.1,61.47,Intermediate
40.42,48.48,42.8,1,33.56,43.18,Beginner
51.11,53.8,19.7,3,43.42,52.54,Beginner
67.55,65.73,89.8,1,87.45,67.7,Intermediate
75.14,68.55,29.2,3,86.95,77.45,Intermediate
41.56,35.8,56.2,1,51.04,44.91,Beginner
77.39,93.79,73.3,3,86.84,76.71,Intermediate
87.11,87.12,63.4,1,92.63,78.48,Intermediate
68.27,74.53,53.8,2,92.48,70.56,Intermediate
97.54,91.21,21.0,1,98.06,100.0,Advanced
44.52,38.29,38.8,1,51.45,47.46,Beginner
35.11,43.76,58.8,3,17.7,40.31,Beginner
24.43,13.63,39.3,2,14.53,35.0,Beginner
89.92,86.6,59.1,3,75.51,91.78,Intermediate
73.09,73.36,68.6,2,88.38,86.45,Intermediate
58.89,59.78,74.3,3,28.26,64.15,Beginner
65.6,64.17,30.5,2,60.77,72.55,Intermediate
37.49,40.66,98.9,3,1.57,39.96,Beginner
99.0,100.0,70.3,3,89.02,100.0,Advanced
62.58,68.46,55.0,1,56.69,65.23,Beginner
62.19,54.3,76.8,3,78.81,66.87,Intermediate
74.52,72.24,102.3,3,79.27,72.54,Intermediate
69.62,79.18,26.2,1,59.62,66.22,Intermediate
64.48,71.63,50.5,2,77.27,69.01,Intermediate
44.19,33.21,10.0,1,44.4,50.43,Beginner
69.43,72.24,58.9,3,69.88,73.11,Intermediate
97.64,81.81,62.3,1,83.21,97.55,Intermediate
86.91,87.28,54.2,1,75.03,85.73,Intermediate
91.86,100.0,41.9,2,81.96,93.11,Intermediate
49.78,42.19,14.0,2,50.33,52.59,Beginner
40.21,33.53,62.5,3,41.14,47.1,Beginner
57.48,63.6,84.1,3,76.01,79.07,Intermediate
61.11,48.77,43.2,2,65.74,66.1,Intermediate
81.88,76.82,63.8,1,49.39,85.2,Intermediate
26.15,30.92,23.6,2,29.3,34.69,Beginner
90.59,85.52,64.1,2,73.19,89.77,Intermediate
56.84,54.95,47.1,2,45.25,68.06,Beginner
51.46,57.42,39.8,1,41.72,51.6,Beginner
39.76,43.13,39.8,2,31.8,50.91,Beginner
26.9,29.04,47.1,1,10.4,28.75,Beginner
76.46,73.75,62.6,3,78.91,74.59,Intermediate
61.47,64.43,28.8,2,44.54,66.74,Beginner
34.2,33.21,47.1,3,38.48,34.84,Beginner
34.1,37.76,54.2,2,60.94,42.58,Beginner
53.28,49.31,33.0,1,37.33,47.86,Beginner
93.38,91.92,90.9,3,89.97,94.0,Intermediate
54.81,46.89,37.9,2,24.53,49.83,Beginner
29.94,29.66,41.6,1,26.33,50.49,Beginner
55.09,48.6,35.4,2,62.8,48.75,Intermediate
54.55,45.63,91.0,2,63.19,58.24,Beginner
6.06,8.13,66.1,3,6.99,22.44,Beginner
58.91,60.62,36.3,2,69.59,68.42,Intermediate
55.38,61.64,77.1,2,85.93,64.06,Intermediate
73.92,70.48,59.0,1,94.47,72.11,Intermediate
96.98,100.0,60.1,2,90.71,100.0,Advanced
82.53,86.94,48.1,3,65.12,91.41,Intermediate
54.62,58.18,40.0,3,49.75,61.53,Beginner
37.87,31.26,61.8,1,26.51,42.28,Beginner
99.0,100.0,44.1,1,100.0,95.26,Advanced
61.18,64.1,91.3,1,47.01,56.83,Beginner
60.28,60.34,29.6,2,59.4,70.88,Intermediate
59.52,42.83,85.7,3,69.57,72.63,Intermediate
63.96,65.25,52.8,2,62.75,61.54,Intermediate
57.11,74.81,61.0,2,45.76,59.62,Beginner
48.53,45.65,71.7,3,62.62,53.78,Beginner
49.06,43.24,42.4,2,26.52,52.94,Beginner
59.34,62.33,72.3,1,55.41,60.98,Beginner
49.13,51.63,10.0,2,48.63,58.88,Beginner
45.74,55.28,40.6,3,45.93,47.6,Beginner
62.13,52.07,36.5,3,64.29,62.08,Intermediate
54.9,60.75,29.9,2,62.23,65.93,Intermediate
90.08,94.8,50.7,2,89.65,88.1,Intermediate
6.98,5.84,62.7,3,2.56,8.84,Beginner
81.83,84.54,69.1,2,76.94,80.37,Intermediate
84.92,93.16,59.8,1,77.58,82.15,Intermediate
18.53,25.51,41.7,3,27.98,36.38,Beginner
53.15,44.0,62.4,3,45.39,64.44,Beginner
52.57,59.13,57.5,1,62.73,61.25,Beginner
31.85,31.33,73.7,2,32.08,42.22,Beginner
44.44,45.03,70.5,2,38.19,54.57,Beginner
37.79,38.37,55.6,1,45.21,36.64,Beginner
95.05,93.84,37.1,3,86.32,96.25,Advanced
78.71,88.25,41.9,2,86.37,74.48,Intermediate
85.43,84.76,44.0,3,87.98,87.33,Intermediate
74.43,65.48,48.7,1,67.28,78.58,Intermediate
37.42,34.27,60.4,2,43.76,43.23,Beginner
49.51,50.94,69.3,1,56.07,59.42,Beginner
69.79,79.62,54.0,3,83.68,67.36,Intermediate
35.56,40.38,55.3,2,47.15,43.71,Beginner
74.26,67.46,57.9,2,80.16,68.83,Intermediate
55.19,75.08,44.7,1,41.66,57.34,Beginner
52.5,54.62,36.5,1,81.89,58.75,Intermediate
74.22,84.42,19.9,1,57.38,72.99,Intermediate
68.89,67.67,41.1,1,80.28,72.68,Intermediate
52.78,57.05,64.5,2,57.96,50.8,Beginner
83.19,89.9,40.9,2,69.1,74.55,Intermediate
38.38,48.12,50.2,2,36.89,46.65,Beginner
72.32,80.78,64.3,2,71.37,85.0,Intermediate
71.86,78.84,65.4,1,87.53,66.14,Intermediate
53.81,51.29,33.4,1,45.25,62.84,Beginner
66.52,61.95,74.9,1,63.38,67.46,Beginner
34.98,37.64,77.5,3,6.94,34.17,Beginner
78.48,85.95,32.4,2,99.3,73.41,Intermediate
56.3,54.52,38.5,1,43.46,57.89,Beginner
49.55,58.07,78.8,1,53.47,49.16,Beginner
80.98,92.6,52.1,3,79.76,76.62,Intermediate
45.91,38.58,10.6,2,44.74,40.08,Beginner
31.83,25.14,27.0,2,41.55,32.2,Beginner
28.87,27.74,50.0,2,48.92,35.72,Beginner
72.12,74.58,31.7,1,75.14,72.31,Intermediate
34.39,30.19,46.7,3,42.25,38.63,Beginner
95.1,100.0,55.6,3,99.04,98.7,Advanced
18.36,21.75,84.2,1,30.57,29.13,Beginner
93.93,94.24,49.2,3,88.37,98.78,Advanced
64.22,52.73,76.5,3,77.13,68.35,Intermediate
58.07,47.54,83.6,1,71.39,64.99,Beginner
49.1,51.35,83.7,2,62.09,47.41,Beginner
67.98,50.92,60.7,1,60.06,67.19,Intermediate
59.25,67.35,15.7,1,57.23,59.3,Intermediate
82.07,80.8,64.2,2,84.94,76.08,Intermediate
62.28,88.23,76.0,1,45.83,60.78,Beginner
63.01,81.47,53.4,3,82.15,55.52,Intermediate
52.73,51.28,89.9,3,52.58,69.98,Beginner
58.86,58.01,72.2,1,62.27,54.53,Beginner
66.16,74.12,66.4,2,59.23,78.38,Intermediate
25.8,39.42,76.7,3,9.87,33.96,Beginner
33.04,19.93,61.7,3,25.79,43.78,Beginner
74.87,60.57,10.0,3,77.5,75.94,Intermediate
63.42,58.44,45.0,1,71.5,65.59,Intermediate
56.32,60.98,78.9,2,58.26,63.72,Beginner
60.37,64.34,38.8,2,64.53,67.53,Intermediate
66.95,75.51,50.5,3,62.91,76.24,Intermediate
49.2,39.61,34.1,1,55.16,49.06,Beginner
44.43,25.9,90.7,3,62.23,48.0,Beginner
63.92,70.78,88.6,1,72.37,55.24,Beginner
40.43,33.81,37.3,3,50.15,50.34,Beginner
68.17,52.02,57.9,2,71.69,77.21,Intermediate
25.95,27.11,41.4,2,7.91,41.57,Beginner
80.58,86.93,67.3,2,68.05,83.97,Intermediate
69.45,68.48,65.2,1,74.91,65.3,Intermediate
65.12,61.46,71.2,1,64.99,55.73,Beginner
79.65,78.38,61.6,1,84.93,85.53,Intermediate
93.31,90.34,113.7,1,100.0,78.07,Intermediate
80.29,69.5,34.4,1,89.0,77.82,Intermediate
23.18,17.47,20.8,3,38.29,29.98,Beginner
34.41,38.58,47.1,2,35.54,39.24,Beginner
47.5,50.08,23.6,1,37.82,49.92,Beginner
60.52,61.87,25.2,3,59.83,66.51,Intermediate
70.35,62.39,35.0,2,60.7,58.23,Intermediate
45.49,44.03,36.6,3,64.18,51.93,Beginner
63.74,46.32,35.9,2,73.22,53.26,Intermediate
44.89,46.32,65.4,1,51.14,51.69,Beginner
47.77,59.2,44.9,2,62.6,48.62,Beginner
31.87,20.07,51.4,2,7.63,24.38,Beginner
41.54,36.85,72.9,1,48.59,39.33,Beginner
32.97,35.6,39.7,1,17.24,32.91,Beginner
40.48,50.51,49.7,1,40.4,50.39,Beginner
81.07,77.49,62.3,1,77.33,81.77,Intermediate
41.01,35.47,16.2,2,48.95,47.8,Beginner
99.0,83.25,10.0,2,100.0,100.0,Advanced
69.87,70.69,61.9,1,86.01,69.7,Intermediate
63.7,80.03,64.8,2,56.47,71.13,Intermediate
42.83,45.05,96.3,2,51.34,51.51,Beginner
74.01,73.83,58.2,1,75.95,66.37,Intermediate
48.49,51.06,71.4,1,28.86,59.45,Beginner
62.44,62.35,51.1,1,51.42,54.92,Beginner
99.0,92.5,60.9,2,97.2,100.0,Advanced
58.08,64.67,88.3,1,71.43,50.33,Beginner
82.99,84.79,12.5,2,88.55,87.95,Intermediate
45.94,46.08,63.3,2,31.93,61.43,Beginner
59.3,51.5,97.7,2,57.62,61.28,Beginner
95.42,100.0,60.6,1,100.0,92.24,Intermediate
47.46,52.78,88.0,1,48.8,53.33,Beginner
96.25,91.83,42.4,2,92.32,94.57,Advanced
74.16,82.17,54.4,3,80.06,89.13,Intermediate
48.75,44.77,55.7,3,57.91,56.0,Beginner
72.65,66.39,10.6,2,67.17,72.92,Intermediate
79.45,73.37,31.6,2,85.48,77.85,Intermediate
72.44,58.27,33.1,2,68.49,69.04,Intermediate
28.6,32.37,71.4,3,37.23,32.54,Beginner
45.46,30.81,72.4,1,47.49,45.72,Beginner
55.05,45.22,61.5,3,60.83,57.72,Intermediate
58.51,41.91,71.5,2,49.4,57.88,Beginner
72.41,71.72,51.7,2,62.56,87.21,Intermediate
63.55,62.35,79.0,1,74.9,58.29,Intermediate
33.29,30.68,55.2,2,32.34,39.51,Beginner
67.6,59.26,56.2,2,71.02,73.75,Intermediate
72.21,62.83,49.7,1,68.53,76.22,Intermediate
71.2,74.91,68.7,1,81.98,71.15,Intermediate
81.62,77.21,46.6,3,74.32,83.64,Intermediate
76.68,79.21,74.5,2,75.05,81.25,Intermediate
69.18,62.1,32.4,2,78.62,73.25,Intermediate
58.6,60.05,33.0,1,72.67,58.36,Intermediate
26.78,37.21,68.7,2,20.5,23.27,Beginner
68.59,73.28,53.2,2,92.11,68.3,Intermediate
64.15,60.85,45.9,2,67.91,60.14,Intermediate
65.43,67.49,72.8,2,52.92,64.19,Beginner
34.47,32.54,42.9,2,38.89,39.91,Beginner
38.38,38.44,51.0,2,33.78,45.46,Beginner
81.06,78.46,83.0,1,86.27,91.26,Intermediate
59.21,57.89,85.8,3,58.69,61.25,Beginner
73.63,75.33,86.4,2,74.52,80.39,Intermediate
60.57,52.62,49.4,1,49.63,63.56,Beginner
60.6,52.47,79.6,2,72.48,71.52,Intermediate
78.77,67.66,36.0,3,64.89,85.92,Intermediate
49.68,36.88,36.9,1,36.37,45.65,Beginner
61.92,52.18,10.0,1,66.33,52.63,Intermediate
50.75,52.03,88.5,2,69.99,56.56,Beginner
51.31,44.17,37.7,1,47.08,50.03,Beginner
53.82,57.93,52.5,3,62.23,53.63,Intermediate
64.44,64.72,36.8,1,77.32,57.68,Intermediate
50.43,34.68,68.9,3,60.2,57.36,Beginner
85.12,90.35,47.5,1,81.38,93.35,Intermediate
42.11,48.59,28.9,1,29.02,42.29,Beginner
56.26,48.31,63.8,3,29.77,65.3,Beginner
51.21,54.57,26.3,2,48.05,54.5,Beginner
88.94,82.09,38.3,2,100.0,82.09,Advanced
63.93,64.71,12.9,1,50.44,69.23,Intermediate
80.64,70.52,26.5,2,89.04,75.62,Intermediate
30.29,15.94,58.6,2,18.89,36.0,Beginner
65.34,62.28,15.7,3,66.61,68.06,Intermediate
77.79,76.8,25.4,3,86.29,86.93,Intermediate
61.65,58.46,55.0,2,53.73,58.37,Beginner
81.31,71.84,44.1,2,83.36,85.15,Intermediate
49.65,46.46,94.8,2,44.67,48.64,Beginner
88.19,90.34,91.7,2,96.65,86.07,Intermediate
99.0,98.64,37.6,1,100.0,75.27,Advanced
52.74,54.2,66.1,1,53.42,67.08,Beginner
51.09,45.73,70.0,1,69.79,56.31,Beginner
89.07,98.44,43.1,1,97.02,83.34,Intermediate
91.59,82.18,25.1,1,83.31,83.52,Intermediate
49.54,53.44,54.8,2,48.51,50.61,Beginner
51.6,61.05,51.5,3,50.69,61.77,Beginner
54.36,58.21,46.3,2,55.33,46.66,Beginner
33.11,31.49,63.8,1,63.41,35.61,Beginner
41.63,37.4,40.0,1,46.08,54.92,Beginner
39.92,48.21,32.0,2,15.49,37.92,Beginner
44.64,33.26,57.2,1,38.13,47.55,Beginner
59.31,51.55,62.7,2,36.12,75.78,Beginner
64.68,61.5,31.5,3,60.73,73.3,Intermediate
91.01,100.0,73.6,1,67.16,90.48,Intermediate
40.03,43.07,19.6,1,29.57,45.87,Beginner
79.69,71.94,43.4,2,61.44,78.91,Intermediate
55.72,53.24,49.8,3,60.33,69.06,Intermediate
59.01,54.1,42.3,3,59.02,61.89,Intermediate
73.5,67.82,43.7,3,77.13,65.86,Intermediate
37.55,45.38,92.4,1,36.29,38.19,Beginner
67.65,56.67,38.0,3,50.92,66.44,Intermediate
63.33,76.2,103.8,1,69.49,59.58,Beginner
69.85,76.47,63.7,1,92.92,68.71,Intermediate
65.78,74.51,56.8,3,70.69,77.71,Intermediate
99.0,95.3,64.5,3,93.89,100.0,Advanced
47.25,46.05,105.6,1,30.11,48.05,Beginner
49.38,37.91,35.1,1,38.48,51.41,Beginner
47.54,43.34,32.6,1,52.97,43.38,Beginner
48.89,52.84,39.9,1,61.77,37.89,Beginner
47.25,57.62,55.6,1,50.38,50.15,Beginner
83.78,74.92,20.5,3,93.38,91.85,Advanced
88.41,85.49,55.4,2,96.9,88.69,Intermediate
48.59,47.37,88.9,3,54.66,51.49,Beginner
43.35,32.19,58.0,3,35.45,52.67,Beginner
69.43,74.16,49.1,2,71.52,71.37,Intermediate
48.96,43.16,42.6,3,38.78,65.15,Beginner
72.66,71.1,73.0,2,72.87,82.24,Intermediate
64.06,60.44,38.5,1,68.03,70.69,Intermediate
29.69,23.37,91.9,2,49.83,39.86,Beginner
90.95,90.89,93.7,2,75.23,83.93,Intermediate
95.92,94.19,60.1,3,100.0,100.0,Advanced
47.74,44.77,54.8,3,65.52,56.18,Beginner
52.25,46.42,75.6,2,61.35,59.7,Beginner
65.72,68.27,76.9,3,75.71,73.42,Intermediate
66.69,79.92,38.9,1,73.74,70.07,Intermediate
73.17,74.29,44.5,3,88.75,93.52,Intermediate
99.0,100.0,28.6,2,85.95,98.62,Advanced
56.46,45.34,63.2,1,39.83,63.56,Beginner
44.03,45.3,68.3,2,43.96,45.69,Beginner
32.41,23.63,28.0,2,6.48,42.56,Beginner
45.38,33.57,45.9,1,60.15,53.39,Beginner
59.34,53.42,28.1,3,73.99,66.78,Intermediate
95.89,100.0,37.0,1,90.69,100.0,Intermediate
49.65,57.25,66.0,3,45.2,50.37,Beginner
64.48,66.42,40.3,2,63.61,64.39,Intermediate
59.67,47.41,49.0,1,60.3,62.17,Beginner
83.77,82.2,22.5,2,85.29,90.35,Intermediate
99.0,100.0,58.7,2,100.0,100.0,Advanced
49.38,50.79,54.1,2,47.31,61.15,Beginner
50.21,35.46,40.4,2,61.53,50.22,Beginner
80.88,73.76,51.2,2,86.23,75.57,Intermediate
73.64,73.13,58.6,2,66.35,77.6,Intermediate
96.93,100.0,38.7,3,100.0,98.72,Advanced
71.68,54.11,25.5,1,55.38,75.2,Intermediate
52.81,51.52,91.1,2,51.71,56.42,Beginner
71.81,72.96,42.3,1,83.42,70.03,Intermediate
82.17,88.97,53.1,3,73.5,85.15,Intermediate
76.41,81.95,75.2,3,80.12,80.47,Intermediate
70.15,74.81,125.6,1,76.67,65.7,Beginner
81.33,74.93,30.1,1,71.01,79.61,Intermediate
83.39,68.12,64.0,1,82.52,80.29,Intermediate
87.64,84.5,40.8,2,85.77,93.77,Intermediate
72.97,80.99,44.2,2,66.35,76.3,Intermediate
56.66,67.81,40.6,3,84.28,75.67,Intermediate
62.93,68.62,32.5,2,53.78,66.86,Intermediate
84.13,87.56,54.2,1,96.19,80.09,Intermediate
43.66,46.7,25.5,3,38.95,66.19,Beginner
67.37,62.92,73.9,2,54.33,72.47,Intermediate
52.13,51.09,56.1,2,53.37,61.9,Beginner
60.57,73.93,63.4,1,68.36,65.28,Beginner
85.57,78.03,45.7,2,96.62,90.46,Intermediate
63.82,76.74,47.7,3,82.57,71.93,Intermediate
60.93,58.35,60.8,2,96.27,57.44,Intermediate
32.8,43.41,31.7,1,35.81,38.38,Beginner
74.93,63.67,47.8,2,66.97,68.98,Intermediate
72.91,77.6,37.8,3,78.34,76.03,Intermediate
99.0,93.11,37.2,1,95.81,92.73,Advanced
53.84,42.52,12.8,2,64.96,59.68,Intermediate
64.38,66.13,81.8,3,48.82,71.24,Intermediate
64.99,73.06,41.3,1,93.41,68.68,Intermediate
91.55,84.79,78.3,2,100.0,93.95,Intermediate
58.09,46.1,76.4,2,37.89,57.81,Beginner
65.58,64.85,29.3,2,57.07,66.77,Intermediate
72.16,71.46,33.2,2,81.95,79.91,Intermediate
63.73,68.12,106.2,1,77.85,68.04,Beginner
51.07,58.67,90.0,2,35.8,48.1,Beginner
63.88,63.41,54.4,1,72.44,55.59,Intermediate
81.47,96.32,60.1,2,58.1,78.59,Intermediate
39.47,41.26,42.4,1,38.4,48.58,Beginner
62.66,59.89,63.6,1,76.0,70.94,Intermediate
46.0,33.11,40.7,3,39.38,46.77,Beginner
83.9,81.8,14.4,2,65.82,87.03,Intermediate
29.54,26.85,28.6,3,31.29,48.18,Beginner
48.82,56.5,55.4,1,41.56,53.41,Beginner
67.54,71.24,32.4,2,75.1,78.67,Intermediate
91.31,81.88,53.7,1,80.69,96.0,Intermediate
58.68,60.06,33.5,3,49.41,58.53,Intermediate
48.9,54.27,39.4,3,24.64,53.84,Beginner
97.62,100.0,72.1,1,99.66,96.02,Intermediate
31.04,38.14,59.9,3,29.11,39.18,Beginner
16.02,22.11,54.8,1,1.76,26.24,Beginner
68.8,69.28,72.6,2,71.13,73.75,Intermediate
49.96,53.07,64.6,3,62.28,38.34,Beginner
39.58,49.57,83.9,3,36.99,38.53,Beginner
74.17,63.5,45.8,3,77.39,65.11,Intermediate
64.88,62.08,46.4,1,68.16,66.74,Intermediate
48.72,42.54,29.0,1,34.27,52.26,Beginner
34.39,37.43,46.4,1,59.07,39.34,Beginner
77.45,87.29,74.3,2,71.8,73.5,Intermediate
73.0,68.23,81.0,3,80.88,81.21,Intermediate
58.02,38.89,74.2,1,67.25,63.67,Beginner
96.93,93.63,19.1,2,95.26,89.65,Advanced
38.6,45.91,76.7,1,45.88,32.71,Beginner
29.49,33.79,18.2,1,32.44,33.13,Beginner
46.16,49.59,73.0,2,29.15,61.22,Beginner
59.09,56.85,47.6,2,55.1,72.56,Beginner
64.87,54.63,69.1,3,57.52,73.06,Intermediate
55.18,59.3,28.4,1,49.63,52.38,Beginner
67.04,60.37,78.4,3,51.39,77.0,Intermediate
34.97,52.44,25.7,1,48.49,35.46,Beginner
88.88,93.44,41.6,1,100.0,83.16,Intermediate
58.36,53.71,35.0,2,70.09,48.82,Intermediate
82.35,77.45,19.9,3,97.59,86.37,Advanced
66.85,66.11,56.9,1,62.72,63.73,Intermediate
69.14,67.22,91.1,1,61.5,70.18,Beginner
71.4,80.33,108.3,2,62.05,56.89,Intermediate
68.95,70.45,56.9,1,76.68,70.46,Intermediate
72.85,67.0,77.3,3,75.58,62.44,Intermediate
86.58,100.0,59.6,3,85.66,96.18,Intermediate
63.93,64.32,65.0,1,79.47,67.95,Intermediate
74.18,80.33,48.2,2,79.04,74.57,Intermediate
58.21,53.34,58.9,3,48.14,66.93,Beginner
88.8,91.71,65.7,1,80.63,81.83,Intermediate
46.47,48.96,43.4,2,54.66,51.19,Beginner
96.02,80.9,53.5,1,100.0,99.11,Advanced
59.2,75.32,53.8,2,65.82,43.9,Intermediate
31.38,41.71,71.5,1,54.15,32.19,Beginner
62.56,59.38,33.7,3,82.18,67.42,Intermediate
46.38,37.56,54.0,2,51.67,49.49,Beginner
76.81,79.59,93.2,1,66.75,85.41,Intermediate
46.95,47.64,78.3,3,31.23,46.45,Beginner
51.08,53.92,82.0,1,46.43,49.26,Beginner
22.21,23.74,55.5,2,31.25,16.94,Beginner
50.95,55.0,61.4,2,72.87,63.94,Beginner
11.52,23.1,75.0,1,16.53,15.12,Beginner
28.32,32.87,86.2,3,42.35,33.43,Beginner
75.21,66.81,16.0,3,72.26,78.88,Intermediate
75.72,86.62,28.7,1,83.19,79.48,Intermediate
68.51,81.63,81.2,2,78.39,73.11,Intermediate
40.66,65.88,49.5,2,16.91,61.29,Beginner
59.05,50.06,41.6,3,54.08,67.05,Intermediate
59.93,61.87,29.9,1,71.32,58.34,Intermediate
36.83,20.18,43.9,2,40.13,38.52,Beginner
90.07,94.49,27.0,2,75.71,88.51,Intermediate
77.55,73.16,96.8,2,48.39,70.33,Intermediate
55.58,70.97,54.6,2,51.19,59.37,Beginner
60.54,54.34,53.8,1,59.68,66.4,Beginner
64.17,50.65,66.8,3,53.56,65.35,Intermediate
19.17,15.4,74.2,2,20.88,20.79,Beginner
55.06,39.25,73.9,3,61.13,69.75,Beginner
46.36,52.37,76.5,1,54.41,40.09,Beginner
39.97,23.45,42.4,2,11.7,32.36,Beginner
54.38,54.61,49.0,3,38.61,53.11,Beginner
95.95,79.33,70.4,2,92.3,87.03,Advanced
72.82,70.25,44.5,3,79.68,79.31,Intermediate
48.58,61.72,54.9,3,54.45,52.53,Beginner
71.45,74.34,63.0,2,77.11,72.42,Intermediate
87.99,81.08,70.7,2,83.39,95.87,Intermediate
78.49,78.24,19.4,1,74.56,74.07,Intermediate
61.19,61.34,69.3,2,52.45,68.95,Beginner
47.06,50.84,50.3,1,56.28,58.36,Beginner
73.96,63.03,69.1,2,62.92,73.31,Intermediate
67.87,72.61,70.5,2,78.07,74.86,Intermediate
77.9,56.27,87.2,2,80.4,78.22,Intermediate
72.7,67.66,82.1,1,72.16,78.43,Intermediate
80.99,77.08,81.9,3,73.11,75.08,Intermediate
49.3,54.36,83.9,1,33.03,41.48,Beginner
86.35,86.53,60.8,1,78.58,83.09,Intermediate
63.95,52.71,55.6,1,59.99,59.5,Beginner
99.0,91.12,72.5,3,70.57,97.98,Intermediate
46.22,47.81,69.6,3,43.85,51.2,Beginner
94.72,94.09,48.8,2,100.0,99.46,Advanced
63.96,59.33,63.1,3,70.76,66.4,Intermediate
46.97,43.12,54.3,1,41.02,44.27,Beginner
50.32,55.89,37.9,3,50.89,54.19,Beginner
53.59,49.45,80.8,1,46.92,50.69,Beginner
68.48,67.78,56.1,1,70.27,63.4,Intermediate
70.46,87.82,96.0,1,88.94,61.14,Intermediate
48.53,37.14,22.5,2,60.15,53.06,Beginner
59.51,44.7,43.9,3,65.76,61.34,Intermediate
99.0,100.0,55.7,2,93.09,100.0,Advanced
94.55,89.12,77.7,3,100.0,88.3,Advanced
68.73,66.18,63.0,2,48.48,67.98,Intermediate
60.76,54.51,61.2,1,57.73,72.78,Beginner
62.4,60.32,32.5,2,69.41,59.77,Intermediate
72.27,85.06,31.9,2,81.16,73.07,Intermediate
39.54,45.96,61.5,3,47.58,39.09,Beginner
54.85,61.75,27.7,2,58.39,50.37,Intermediate
26.63,15.3,44.4,2,24.28,41.78,Beginner
67.98,58.78,65.0,1,74.44,69.57,Intermediate
72.94,50.23,35.4,2,61.51,75.91,Intermediate
50.34,43.86,87.1,3,40.2,46.13,Beginner
91.48,99.13,79.5,1,92.22,92.31,Intermediate
35.48,39.62,23.6,3,37.56,49.59,Beginner
30.71,28.94,36.4,2,8.81,43.15,Beginner
64.49,64.31,10.0,1,69.95,69.34,Intermediate
80.94,75.43,39.3,3,90.21,77.69,Intermediate
93.68,95.32,70.3,2,92.75,96.06,Intermediate
50.82,56.95,46.7,1,79.32,56.76,Beginner
81.57,68.65,64.2,1,73.38,70.28,Intermediate
59.23,61.63,24.6,1,54.9,53.76,Beginner
56.55,64.01,71.0,3,51.81,67.35,Beginner
77.67,74.35,43.9,2,76.76,84.72,Intermediate
73.05,78.65,55.2,3,69.1,67.91,Intermediate
28.47,50.99,53.1,1,11.59,36.96,Beginner
89.53,88.7,29.6,1,82.97,88.94,Intermediate
87.6,90.75,31.9,1,86.43,91.28,Intermediate
47.49,41.58,74.4,2,62.23,47.88,Beginner
67.92,69.37,63.0,3,94.34,76.35,Intermediate
69.88,73.56,76.0,2,85.91,77.35,Intermediate
65.21,66.77,61.5,1,55.91,63.89,Beginner
48.99,40.84,57.9,3,40.64,55.18,Beginner
46.57,48.22,20.5,3,44.66,48.95,Beginner
59.49,71.19,49.6,1,80.9,70.64,Intermediate
83.45,87.04,54.5,3,81.47,86.06,Intermediate
70.87,78.57,94.1,1,54.94,65.67,Beginner
52.59,50.69,68.7,1,46.57,50.09,Beginner
75.43,81.43,85.7,1,84.52,76.16,Intermediate
5.0,7.23,67.0,2,13.28,17.12,Beginner
82.98,75.37,40.8,2,80.57,76.32,Intermediate
25.21,27.75,57.3,1,33.41,40.28,Beginner
52.75,44.82,59.7,1,25.47,56.38,Beginner
37.61,32.54,36.2,3,38.85,47.4,Beginner
34.11,35.62,47.3,3,44.43,40.79,Beginner
83.22,85.59,50.9,3,73.22,86.67,Intermediate
50.65,41.13,87.1,1,40.61,51.7,Beginner
66.93,75.36,13.4,1,44.53,73.68,Intermediate
59.06,63.64,79.1,1,78.14,60.29,Beginner
69.54,63.9,36.3,1,60.9,74.58,Intermediate
61.54,49.24,27.6,2,64.43,62.01,Intermediate
34.34,33.18,78.6,2,41.59,40.77,Beginner
79.93,76.36,69.6,2,98.07,76.71,Intermediate
50.12,51.03,80.1,2,48.28,61.41,Beginner
28.87,25.96,71.0,1,22.4,27.56,Beginner
51.44,35.38,96.2,1,53.51,51.37,Beginner
90.02,86.91,66.2,2,100.0,88.92,Intermediate
77.0,74.56,51.9,1,74.96,74.72,Intermediate
53.03,58.1,61.9,1,41.57,59.12,Beginner
53.01,47.43,79.9,2,34.53,54.87,Beginner
53.57,67.0,39.4,1,38.91,63.65,Beginner
99.0,83.71,42.0,1,100.0,92.17,Advanced
67.64,78.13,48.8,3,63.79,73.24,Intermediate
68.6,66.81,12.9,3,61.31,68.46,Intermediate
80.61,87.48,57.8,1,72.01,82.68,Intermediate
64.78,65.41,17.3,1,65.8,65.5,Intermediate
54.82,63.94,56.1,2,51.95,57.5,Beginner
56.07,52.97,72.3,1,52.8,64.72,Beginner
58.57,49.78,45.5,2,74.76,57.96,Intermediate
59.26,70.62,88.5,1,77.71,64.03,Beginner
74.55,73.64,25.8,1,55.23,69.97,Intermediate
61.04,62.81,78.8,3,64.97,66.83,Intermediate
74.65,84.53,68.5,3,65.33,71.51,Intermediate
58.39,50.13,20.7,1,55.41,55.74,Beginner
61.57,66.34,109.2,1,65.28,59.15,Beginner
20.04,15.32,53.7,1,17.48,35.32,Beginner
78.33,77.27,37.5,1,81.09,78.67,Intermediate
66.93,67.51,26.9,3,75.01,81.5,Intermediate
79.96,67.96,50.6,2,83.5,82.89,Intermediate
5.0,0.0,52.5,2,0.0,10.28,Beginner
99.0,100.0,57.1,3,91.45,100.0,Advanced
57.21,64.3,49.0,3,39.93,65.25,Beginner
82.16,81.66,67.7,3,71.92,81.73,Intermediate
39.2,41.15,47.2,1,62.75,44.89,Beginner
72.26,69.9,16.3,1,62.75,70.72,Intermediate
38.93,49.78,52.0,2,24.61,31.88,Beginner
47.52,45.92,10.0,2,51.36,57.34,Beginner
98.28,100.0,62.1,3,96.96,100.0,Advanced
56.19,65.35,35.4,2,53.84,70.72,Beginner
64.35,58.13,58.3,3,81.26,71.73,Intermediate
77.4,89.87,81.3,1,83.99,75.72,Intermediate
69.91,57.67,36.0,3,63.55,79.33,Intermediate
63.01,76.05,76.2,1,57.91,69.07,Beginner
67.3,64.32,46.3,3,61.27,81.74,Intermediate
99.0,97.06,90.1,1,100.0,96.81,Intermediate
58.85,43.73,47.7,2,55.15,61.15,Beginner
64.02,60.38,38.2,3,42.5,64.61,Intermediate
81.01,72.69,68.7,2,80.43,85.76,Intermediate
82.11,77.25,46.3,2,63.67,74.25,Intermediate
83.74,82.64,38.2,3,100.0,91.7,Advanced
72.77,80.44,45.4,2,61.19,78.48,Intermediate
37.14,38.8,54.1,2,35.2,45.68,Beginner
92.67,95.13,81.8,1,95.77,92.08,Intermediate
37.07,28.31,16.3,3,33.61,53.31,Beginner
66.05,59.01,55.5,2,62.57,74.0,Intermediate
44.91,59.3,67.5,2,49.98,45.68,Beginner
58.72,52.84,58.9,1,77.03,56.48,Intermediate
66.58,79.82,81.2,2,75.79,63.97,Intermediate
66.43,64.48,53.5,1,84.17,70.42,Intermediate
68.44,68.46,51.3,1,55.88,62.96,Intermediate
92.27,100.0,66.8,2,96.08,99.39,Intermediate
69.07,79.25,57.0,1,70.93,77.48,Intermediate
55.12,54.23,47.2,1,59.33,51.43,Beginner
79.28,76.18,65.3,2,95.8,79.83,Intermediate
83.79,83.34,41.9,1,81.14,83.19,Intermediate
35.45,38.15,42.8,1,30.58,43.92,Beginner
71.95,79.08,44.4,1,78.36,81.85,Intermediate
74.02,74.06,82.1,2,52.69,65.99,Intermediate
54.05,59.0,10.0,2,51.21,55.82,Beginner
87.51,100.0,62.9,2,85.9,86.92,Intermediate
57.0,60.05,55.7,1,45.95,50.03,Beginner
62.51,65.0,21.4,1,75.2,60.6,Intermediate
56.54,44.39,61.2,1,43.79,60.58,Beginner
60.31,39.27,64.5,2,58.68,61.81,Beginner
38.07,41.18,66.8,3,41.59,35.76,Beginner
31.2,30.44,10.0,1,47.44,51.95,Beginner
91.89,87.77,82.3,1,91.76,92.14,Intermediate
43.06,45.01,40.2,1,54.29,46.29,Beginner
40.17,39.69,68.7,2,48.58,38.37,Beginner
16.93,25.95,69.8,2,18.41,25.14,Beginner
47.22,47.91,37.5,2,34.15,50.46,Beginner
33.54,27.56,68.2,3,16.32,29.52,Beginner
92.84,100.0,47.3,2,94.12,86.99,Advanced
80.2,78.46,13.6,1,73.68,84.55,Intermediate
46.24,50.45,78.4,1,57.27,60.2,Beginner
99.0,95.18,39.5,2,100.0,100.0,Advanced
79.64,74.44,37.9,2,77.42,87.88,Intermediate
53.5,54.18,46.9,2,39.61,56.29,Beginner
10.01,10.11,60.4,2,16.14,16.69,Beginner
99.0,100.0,53.9,2,86.78,100.0,Advanced
32.21,30.06,66.0,3,23.11,49.61,Beginner
27.09,12.4,28.2,2,15.34,40.73,Beginner
80.45,76.99,40.2,3,78.79,77.62,Intermediate
99.0,100.0,52.7,1,100.0,96.68,Advanced
87.69,85.31,93.0,2,87.62,90.34,Intermediate
71.28,69.31,52.7,3,65.96,74.02,Intermediate
71.9,79.79,76.7,2,53.59,76.47,Intermediate
77.07,71.37,55.8,3,83.69,85.83,Intermediate
75.18,62.84,45.3,2,65.81,83.18,Intermediate
65.62,64.34,50.1,1,67.03,76.49,Intermediate
62.08,58.21,51.6,2,57.83,63.14,Intermediate
58.75,51.02,67.1,1,68.81,51.86,Beginner
44.92,43.52,82.5,3,43.03,53.48,Beginner
54.39,58.32,62.2,3,53.68,71.34,Beginner
26.14,26.07,78.7,1,31.97,27.19,Beginner
58.03,60.49,35.7,1,83.32,63.51,Intermediate
40.23,54.74,46.7,2,50.89,49.18,Beginner
37.93,35.19,40.5,1,36.86,42.04,Beginner
63.6,65.82,61.3,1,63.64,64.55,Beginner
87.84,83.77,47.8,2,81.54,83.27,Intermediate
78.37,71.6,69.6,2,66.97,66.41,Intermediate
28.59,23.91,36.4,1,21.96,25.63,Beginner
40.21,36.38,55.9,3,30.94,44.65,Beginner
78.82,81.69,68.7,3,86.66,89.09,Intermediate
40.35,59.14,13.7,3,27.5,46.5,Beginner
55.51,49.78,97.4,3,71.51,57.95,Beginner
71.0,67.67,49.3,1,80.03,65.98,Intermediate
40.63,40.13,14.5,1,40.88,47.32,Beginner
62.11,65.27,58.2,1,62.11,71.29,Beginner
33.32,35.43,55.7,3,26.63,47.03,Beginner
47.97,58.25,53.4,3,51.21,57.77,Beginner
66.4,46.98,74.8,2,79.45,60.23,Intermediate
28.14,9.04,69.9,3,19.7,33.78,Beginner
68.81,64.84,61.0,2,50.41,82.99,Intermediate
59.61,68.39,64.0,2,68.05,69.57,Intermediate
71.05,58.52,52.9,2,74.94,64.14,Intermediate
64.48,40.42,90.5,1,51.04,64.99,Beginner
87.28,91.85,25.4,1,78.48,88.48,Intermediate
62.5,64.45,57.8,2,52.2,60.93,Beginner
51.41,42.69,56.3,2,42.72,41.44,Beginner
62.45,54.56,71.3,2,58.56,66.04,Beginner
70.87,63.11,38.1,2,67.67,68.47,Intermediate
60.98,61.86,20.1,1,53.17,57.4,Beginner
60.81,55.8,58.1,2,51.71,61.82,Beginner
45.96,49.91,60.6,2,43.21,49.48,Beginner
46.74,23.9,84.8,2,48.75,50.95,Beginner
31.95,25.09,29.6,3,28.15,34.09,Beginner
94.99,85.98,78.1,2,100.0,94.07,Advanced
35.12,33.07,102.3,2,41.22,26.77,Beginner
46.14,41.84,47.4,3,27.05,54.32,Beginner
45.63,52.01,29.2,3,51.92,34.84,Beginner
77.9,63.02,46.9,3,85.17,79.93,Intermediate
54.1,54.46,55.3,1,48.88,61.29,Beginner
84.95,89.42,66.3,1,67.01,77.8,Intermediate
46.53,61.38,43.2,1,46.63,53.11,Beginner
65.58,61.73,86.1,1,65.49,73.27,Beginner
43.29,45.89,32.7,3,29.83,29.98,Beginner
99.0,84.57,20.2,2,81.59,98.17,Advanced
36.25,17.11,77.1,1,35.2,22.09,Beginner
66.2,72.95,10.0,1,63.4,66.19,Intermediate
72.68,72.63,50.9,1,67.67,72.82,Intermediate
68.28,77.7,117.4,2,67.28,52.92,Intermediate
56.29,45.31,54.8,2,43.06,71.34,Beginner
57.4,61.56,32.6,3,52.19,64.53,Intermediate
60.88,75.83,53.9,3,67.28,60.91,Intermediate
57.06,60.42,54.0,1,52.86,67.29,Beginner
79.28,81.49,58.2,1,59.21,68.16,Intermediate
99.0,99.07,68.2,1,93.33,89.7,Intermediate
48.85,36.28,34.2,2,36.01,39.15,Beginner
32.6,43.45,88.8,3,35.81,50.8,Beginner
58.23,53.35,59.9,2,62.06,63.57,Beginner
99.0,100.0,69.5,2,79.09,100.0,Intermediate
43.93,31.42,42.4,2,53.03,50.22,Beginner
92.78,83.35,80.7,1,79.44,94.8,Intermediate
93.55,100.0,49.9,1,100.0,92.54,Intermediate
48.93,46.15,60.6,2,48.34,54.64,Beginner
71.38,83.01,36.3,2,56.42,74.31,Intermediate
92.57,91.94,35.1,1,78.86,87.51,Intermediate
52.42,37.68,68.8,2,56.59,55.94,Beginner
55.93,63.06,46.1,3,51.23,63.1,Intermediate
48.37,43.65,37.9,2,47.21,53.16,Beginner
39.7,45.29,42.1,2,59.06,35.66,Beginner
47.01,47.22,69.0,2,38.62,43.18,Beginner
35.52,23.18,42.4,2,36.24,47.18,Beginner
60.68,62.0,52.6,3,77.72,63.99,Intermediate
44.6,62.17,55.3,3,47.85,54.54,Beginner
64.68,68.62,16.7,1,45.4,58.95,Intermediate
28.88,28.42,25.6,2,34.95,25.73,Beginner
66.62,75.22,61.7,1,52.66,62.23,Beginner
76.67,78.36,40.3,1,93.55,75.2,Intermediate
20.13,21.8,76.1,2,10.25,22.52,Beginner
67.48,58.75,74.3,3,100.0,79.85,Intermediate
84.55,86.42,69.4,2,100.0,86.87,Intermediate
35.81,44.09,91.4,1,26.25,50.04,Beginner
93.45,86.76,53.3,1,93.69,94.4,Intermediate
68.38,79.78,68.0,2,77.42,56.43,Intermediate
45.9,45.17,43.3,1,55.3,54.56,Beginner
58.88,51.78,104.0,1,64.19,48.12,Beginner
71.17,79.15,94.7,2,86.19,74.86,Intermediate
61.52,59.23,55.2,1,60.04,57.95,Beginner
70.78,76.85,62.7,2,66.37,85.97,Intermediate
41.59,39.25,82.2,3,37.42,56.9,Beginner
63.39,62.91,52.1,1,73.69,59.87,Intermediate
31.73,35.67,41.9,2,36.11,36.42,Beginner
57.78,60.1,72.5,2,61.27,62.62,Beginner
41.92,25.96,56.6,2,51.46,51.75,Beginner
45.29,36.32,58.7,2,20.68,49.84,Beginner
84.72,92.16,38.3,1,88.44,77.79,Intermediate
81.83,80.77,20.6,3,84.45,80.97,Intermediate
72.18,67.99,59.7,3,92.21,76.38,Intermediate
38.15,27.29,73.1,1,19.81,48.51,Beginner
53.67,45.03,50.5,1,72.36,57.95,Beginner
84.26,68.09,83.7,1,85.17,78.88,Intermediate
62.83,62.02,40.9,1,68.7,67.7,Intermediate
99.0,94.21,33.9,2,100.0,96.76,Advanced
67.87,60.13,53.7,1,74.6,73.78,Intermediate
63.84,63.3,53.3,1,68.65,79.9,Intermediate
53.82,56.73,70.4,3,56.73,57.36,Beginner
62.67,79.42,39.5,1,56.87,68.47,Beginner
56.95,44.86,82.4,3,56.61,57.92,Beginner
74.16,83.44,94.3,2,65.58,75.56,Intermediate
79.13,86.92,54.2,1,78.6,78.98,Intermediate
44.28,38.05,80.0,2,16.25,47.58,Beginner
33.38,35.0,33.9,2,38.52,53.48,Beginner
23.28,19.61,76.5,2,21.82,27.57,Beginner
70.16,71.65,75.9,1,66.13,74.07,Intermediate
37.93,50.01,72.3,2,40.57,31.32,Beginner
16.94,21.79,54.7,3,0.0,28.18,Beginner
67.77,71.84,10.0,2,90.92,77.2,Intermediate
99.0,95.56,42.2,1,97.77,93.91,Advanced
59.88,48.01,42.5,2,58.13,48.03,Intermediate
76.77,75.1,35.4,2,65.19,78.4,Intermediate
61.64,71.29,57.4,2,61.92,64.81,Intermediate
58.02,45.8,46.6,2,74.67,65.72,Intermediate
78.38,69.94,38.5,2,90.81,92.18,Intermediate
54.19,55.2,33.8,3,64.45,57.58,Intermediate
65.35,57.47,40.7,2,71.9,62.98,Intermediate
66.43,60.09,77.4,2,62.13,62.12,Intermediate
46.64,43.25,41.8,1,29.24,50.1,Beginner
79.84,68.92,44.7,3,77.43,86.33,Intermediate
56.5,48.71,45.9,3,53.67,58.71,Intermediate
44.89,50.51,61.8,1,57.47,51.97,Beginner
70.73,60.27,64.1,2,74.44,75.86,Intermediate
42.03,29.25,10.0,1,61.38,44.93,Beginner
60.56,55.52,75.4,3,74.93,60.3,Intermediate
59.82,65.67,83.7,2,54.34,60.14,Beginner
81.72,80.14,34.0,1,60.18,66.6,Intermediate
69.49,65.78,35.6,3,86.12,75.35,Intermediate
59.5,59.85,46.0,1,75.81,60.9,Intermediate
76.36,62.39,39.9,3,59.96,81.38,Intermediate
87.8,91.76,59.5,2,100.0,91.81,Intermediate
71.16,74.22,16.1,1,75.74,73.78,Intermediate
60.21,56.93,32.6,1,62.14,60.73,Intermediate
33.76,41.81,85.8,1,53.14,37.35,Beginner
38.7,29.68,36.4,2,54.83,35.18,Beginner
53.9,62.92,79.9,2,61.71,54.08,Beginner
47.81,49.05,62.1,1,53.49,50.29,Beginner
56.26,53.57,18.8,1,63.66,53.34,Intermediate
61.13,60.97,67.7,1,56.33,67.4,Beginner
70.59,69.74,52.6,2,69.93,68.99,Intermediate
58.59,68.35,45.9,2,47.76,63.2,Beginner
69.73,61.12,59.9,1,65.73,70.85,Intermediate
61.29,55.19,64.5,2,56.89,68.86,Beginner
20.49,28.78,69.2,1,12.87,30.26,Beginner
41.21,36.45,78.6,3,42.85,52.08,Beginner
57.12,64.32,63.2,3,53.23,49.91,Beginner
35.81,49.4,27.5,2,41.83,48.11,Beginner
72.0,68.78,45.5,3,52.53,85.4,Intermediate
90.62,96.07,113.9,3,89.25,87.47,Intermediate
84.38,75.15,69.5,3,85.95,89.05,Intermediate
55.73,61.77,102.4,2,52.0,50.93,Beginner
89.81,91.41,82.9,1,87.75,76.94,Intermediate
62.97,66.76,59.8,1,43.95,59.5,Beginner
53.26,48.09,61.0,1,57.54,51.76,Beginner
47.73,34.44,54.3,2,55.5,49.78,Beginner
53.95,57.98,20.2,1,59.87,49.88,Beginner
52.24,35.73,55.4,1,64.7,49.66,Beginner
63.41,60.87,79.2,2,65.83,66.27,Intermediate
63.21,70.74,43.0,1,68.96,59.53,Intermediate
60.06,61.6,63.2,2,61.93,66.52,Intermediate
68.74,84.33,72.0,3,76.99,77.33,Intermediate
83.81,92.01,36.8,2,64.89,99.39,Intermediate
78.99,73.76,46.0,2,68.27,87.43,Intermediate
30.3,30.52,34.6,2,49.34,37.34,Beginner
8.92,8.54,38.6,2,0.0,12.49,Beginner
78.69,66.03,29.2,1,77.0,80.15,Intermediate
32.66,25.14,37.0,3,46.73,42.01,Beginner
55.5,51.02,83.4,1,54.39,53.98,Beginner
36.6,20.31,36.7,1,31.74,44.37,Beginner
23.96,24.34,57.5,3,25.51,23.65,Beginner
70.83,68.84,44.9,1,66.59,69.7,Intermediate
75.18,61.8,78.6,2,75.55,80.5,Intermediate
48.47,51.7,81.2,1,40.27,48.87,Beginner
8.18,13.91,72.3,1,21.48,12.28,Beginner
49.08,50.89,61.1,1,66.15,50.32,Beginner
67.84,65.24,50.4,1,66.24,63.4,Intermediate
30.42,35.15,31.2,2,13.78,43.03,Beginner
63.67,69.11,93.9,3,57.38,62.47,Intermediate
59.69,62.15,39.8,2,57.49,64.83,Intermediate
71.59,64.99,68.3,3,77.65,78.34,Intermediate
62.39,64.6,76.2,1,50.3,57.71,Beginner
40.54,50.1,43.9,1,31.31,43.73,Beginner
83.93,79.16,75.8,1,90.06,77.76,Intermediate
56.83,73.61,70.3,2,68.1,68.63,Beginner
59.45,55.25,89.6,2,51.99,55.86,Beginner
41.33,41.59,45.6,2,25.34,42.1,Beginner
51.13,45.75,29.3,3,90.54,49.7,Intermediate
42.3,44.09,44.9,2,51.7,38.77,Beginner
56.54,42.6,59.2,2,53.34,69.57,Beginner
94.23,89.87,56.2,3,100.0,99.95,Advanced
32.56,23.83,47.1,1,31.07,36.8,Beginner
27.73,28.81,16.8,2,38.13,29.57,Beginner
89.42,97.38,64.4,2,91.34,95.72,Intermediate
55.81,60.98,94.4,2,56.91,54.4,Beginner
46.62,27.65,64.3,1,45.26,53.65,Beginner
80.8,97.13,67.2,2,63.43,77.1,Intermediate
47.89,50.25,66.4,2,71.14,48.19,Beginner
96.52,90.31,62.9,2,85.22,100.0,Intermediate
73.56,74.82,73.6,1,57.24,78.86,Intermediate
50.24,51.65,62.9,3,47.69,59.81,Beginner
99.0,93.67,48.7,3,87.46,94.78,Advanced
47.89,49.47,39.1,2,47.27,49.37,Beginner
74.84,69.98,50.0,2,83.1,77.8,Intermediate
65.99,62.75,61.3,3,77.93,65.61,Intermediate
86.03,80.54,48.7,1,95.81,93.38,Intermediate
91.23,79.77,61.3,1,87.56,75.52,Intermediate
60.64,61.81,63.8,2,61.24,59.12,Intermediate
44.93,49.61,71.7,3,49.83,48.28,Beginner
69.2,73.32,80.7,1,48.11,52.6,Beginner
46.45,53.01,56.6,3,53.29,44.35,Beginner
99.0,100.0,28.8,2,81.51,100.0,Advanced
62.73,58.47,48.1,2,87.21,65.89,Intermediate
52.69,59.41,55.9,1,47.84,63.92,Beginner
63.69,52.83,18.3,1,61.48,73.87,Intermediate
33.06,25.85,82.8,3,23.82,43.01,Beginner
40.57,32.85,57.8,3,33.01,49.2,Beginner
84.01,92.65,62.6,2,100.0,85.68,Intermediate
46.86,54.4,82.3,3,58.15,37.18,Beginner
39.06,42.96,42.4,3,20.47,37.57,Beginner
70.73,79.31,66.5,2,88.78,73.68,Intermediate
83.71,76.68,52.8,2,98.03,88.71,Intermediate
74.38,77.17,51.3,2,71.0,78.17,Intermediate
79.92,78.92,39.6,2,83.6,76.17,Intermediate
44.86,51.64,88.3,1,44.68,52.9,Beginner
31.56,30.64,47.5,2,55.23,45.93,Beginner
90.03,86.95,69.0,1,80.47,94.45,Intermediate
53.55,57.87,17.5,3,55.3,65.2,Intermediate
54.98,61.99,78.6,3,49.85,57.23,Beginner
86.56,81.22,76.0,1,69.37,92.09,Intermediate
71.12,70.64,56.9,1,97.42,72.31,Intermediate
69.12,60.65,50.5,2,54.94,74.66,Intermediate
99.0,79.02,63.0,2,100.0,100.0,Advanced
47.13,48.73,100.8,1,26.24,45.63,Beginner
78.56,83.43,19.7,2,73.77,75.11,Intermediate
61.14,63.24,70.6,1,66.2,61.76,Beginner
65.37,49.78,36.8,1,55.48,72.06,Intermediate
90.57,87.76,54.6,1,97.61,86.67,Intermediate
70.16,52.41,50.0,1,66.93,75.9,Intermediate
70.77,81.72,46.4,3,84.69,79.53,Intermediate
81.45,72.76,54.8,3,97.79,83.14,Intermediate
52.7,62.74,32.3,2,45.66,64.82,Beginner
43.22,50.78,75.6,2,44.14,45.63,Beginner
39.1,31.9,19.1,1,41.31,51.03,Beginner
20.67,11.61,65.8,2,28.11,29.62,Beginner
99.0,100.0,48.5,1,99.17,96.98,Advanced
37.94,31.18,31.6,2,40.22,37.57,Beginner
55.57,56.39,59.0,3,52.65,60.6,Beginner
54.46,50.6,23.9,1,55.85,54.88,Beginner
66.15,51.9,55.8,3,81.72,63.31,Intermediate
76.31,58.47,26.5,1,84.07,74.9,Intermediate
77.21,79.02,64.2,2,85.62,74.21,Intermediate
48.34,43.85,36.5,1,57.02,53.99,Beginner
56.66,52.23,46.0,2,54.81,67.96,Beginner
65.65,71.22,60.9,1,69.48,59.04,Intermediate
55.03,64.41,39.5,2,42.0,68.9,Beginner
92.15,89.97,53.8,2,100.0,92.0,Advanced
69.82,67.09,24.7,1,36.42,64.38,Beginner
74.7,78.7,67.6,2,73.65,81.27,Intermediate
73.26,62.4,90.3,3,86.95,74.72,Intermediate
83.47,85.25,110.8,2,67.1,81.3,Intermediate
63.62,68.04,56.8,1,68.42,62.11,Intermediate
34.06,39.51,70.8,1,25.89,32.44,Beginner
67.99,52.5,19.4,3,63.57,76.9,Intermediate
46.97,40.88,85.1,2,58.32,49.5,Beginner
49.43,42.4,70.5,2,51.8,44.85,Beginner
71.73,72.53,45.3,1,47.32,75.3,Intermediate
84.77,88.61,79.7,2,73.05,78.75,Intermediate
60.43,72.4,49.9,1,72.13,54.67,Intermediate
66.18,62.22,45.8,3,71.56,78.04,Intermediate
94.04,90.06,64.5,3,100.0,89.34,Advanced
64.82,74.01,33.7,1,85.01,51.73,Intermediate
99.0,100.0,75.4,2,94.89,100.0,Advanced
71.31,81.45,33.9,1,100.0,69.78,Intermediate
24.78,27.09,34.0,2,25.08,29.5,Beginner
75.07,65.81,36.8,3,63.51,77.17,Intermediate
67.62,56.96,70.2,2,60.02,71.6,Intermediate
85.8,73.38,42.7,1,58.71,80.42,Intermediate
73.46,78.76,28.0,1,92.75,82.44,Intermediate
57.23,66.74,42.9,3,76.37,53.8,Intermediate
35.51,50.31,54.4,2,23.33,43.34,Beginner
55.82,62.56,31.4,2,53.08,63.21,Beginner
42.99,52.29,32.0,1,44.14,40.99,Beginner
48.39,43.75,97.2,1,36.87,44.38,Beginner
71.77,62.52,37.8,3,50.71,82.13,Intermediate
93.4,100.0,48.5,2,90.87,87.98,Advanced
67.89,71.23,47.7,2,64.04,66.82,Intermediate
36.08,36.94,46.6,2,31.42,46.52,Beginner
68.89,71.99,67.4,3,71.56,73.59,Intermediate
83.93,86.52,74.0,1,100.0,72.44,Intermediate
47.8,58.07,48.9,1,44.17,60.46,Beginner
57.32,67.68,30.3,2,59.36,57.55,Intermediate
60.29,64.65,80.5,2,69.02,61.05,Intermediate
44.3,51.07,53.1,2,50.95,50.29,Beginner
72.97,77.08,89.6,3,65.59,80.88,Intermediate
57.58,53.89,10.1,2,58.74,72.74,Intermediate
68.39,74.44,58.9,1,74.96,58.96,Intermediate
42.25,31.09,93.4,3,28.71,53.83,Beginner
51.25,59.68,47.9,2,66.41,59.61,Beginner
74.45,64.89,50.5,2,91.63,75.67,Intermediate
52.54,54.83,60.9,2,43.87,61.06,Beginner
94.54,87.78,43.8,2,96.86,100.0,Advanced
52.01,56.43,48.8,1,59.71,45.55,Beginner
64.49,64.22,48.2,3,57.95,79.83,Intermediate
78.65,65.89,42.5,3,84.43,73.01,Intermediate
31.63,35.0,79.6,2,33.59,30.29,Beginner
24.78,20.16,64.2,2,7.17,29.23,Beginner
29.49,36.54,60.0,1,35.0,44.68,Beginner
85.25,85.26,71.2,1,72.05,82.58,Intermediate
48.96,52.13,49.7,1,60.23,50.85,Beginner
99.0,91.34,39.5,1,90.95,100.0,Advanced
48.72,44.0,42.9,3,46.78,53.02,Beginner
63.69,60.02,55.0,3,80.16,61.53,Intermediate
90.84,97.7,33.8,2,96.8,89.07,Advanced
99.0,100.0,45.0,2,86.05,100.0,Advanced
99.0,92.56,44.7,1,86.82,97.51,Intermediate
84.17,92.78,97.5,3,76.98,99.02,Intermediate
80.48,63.12,10.0,2,85.22,86.47,Intermediate
71.85,62.3,51.4,1,76.15,68.23,Intermediate
75.57,67.9,89.5,2,65.45,77.83,Intermediate
48.98,38.16,57.4,3,34.97,49.94,Beginner
43.64,30.97,70.1,3,47.02,46.13,Beginner
59.93,63.24,57.0,1,57.75,88.01,Beginner
56.6,54.88,41.7,3,82.48,68.18,Intermediate
50.94,53.97,10.2,1,51.37,58.03,Beginner
73.93,79.45,59.1,1,95.7,70.27,Intermediate
79.11,81.23,39.5,3,65.06,92.2,Intermediate
61.77,67.03,39.0,3,42.89,73.42,Intermediate
89.55,88.99,45.0,2,76.11,100.0,Intermediate
37.17,27.67,89.9,2,51.44,53.19,Beginner
56.13,64.59,103.1,3,77.2,49.76,Intermediate
45.66,40.95,59.3,3,36.28,45.35,Beginner
22.67,15.18,45.7,3,17.14,24.83,Beginner
58.35,56.92,31.5,2,44.32,56.02,Beginner
57.57,50.26,64.4,3,35.83,64.9,Beginner
90.27,86.93,90.7,3,98.89,89.65,Intermediate
72.62,75.37,50.1,1,75.29,85.24,Intermediate
39.52,42.3,10.0,3,39.64,57.78,Beginner
97.08,89.9,68.4,2,80.28,97.28,Intermediate
84.42,80.52,74.7,2,100.0,97.4,Intermediate
71.64,80.24,23.3,2,65.6,82.84,Intermediate
55.47,59.44,58.5,1,61.87,54.33,Beginner
40.81,57.41,64.0,2,23.36,33.49,Beginner
52.56,62.0,53.5,3,50.27,57.04,Beginner
81.77,90.93,39.2,1,85.27,77.37,Intermediate
97.69,86.59,75.3,2,100.0,99.12,Advanced
90.86,96.98,46.9,3,92.72,94.13,Advanced
50.22,49.8,25.3,2,56.16,54.58,Beginner
37.61,33.2,14.0,2,24.04,45.74,Beginner
62.82,64.16,80.2,2,65.19,58.52,Intermediate
24.63,32.19,67.3,2,26.0,33.13,Beginner
66.46,70.47,56.8,2,69.24,66.51,Intermediate
57.05,50.02,46.2,3,57.92,63.68,Intermediate
50.68,56.62,44.4,2,35.4,60.37,Beginner
28.11,23.01,33.5,3,12.29,28.51,Beginner
70.27,72.01,46.4,2,43.7,70.96,Intermediate
49.35,46.92,12.6,1,59.16,50.69,Beginner
36.6,34.85,40.3,2,46.53,38.59,Beginner
5.0,11.13,48.8,2,15.12,18.0,Beginner
59.45,51.13,67.2,2,63.13,58.37,Beginner
95.45,100.0,54.2,1,69.85,90.48,Intermediate
93.23,78.66,70.9,1,80.9,87.51,Intermediate
50.86,46.08,82.0,1,52.9,59.34,Beginner
47.96,50.92,76.2,1,49.58,47.16,Beginner
69.38,74.05,64.4,2,66.7,74.59,Intermediate
40.03,39.23,55.2,1,44.46,54.68,Beginner
66.04,65.58,35.4,3,66.18,70.3,Intermediate
75.32,78.61,69.8,1,76.77,81.97,Intermediate
84.54,82.69,88.6,1,76.87,93.8,Intermediate
58.0,69.14,61.8,2,69.78,67.52,Intermediate
55.93,62.64,93.3,1,50.76,57.35,Beginner
42.44,49.42,24.5,3,26.47,52.9,Beginner
43.46,35.73,31.9,1,34.21,38.26,Beginner
55.47,54.84,72.1,2,51.29,54.35,Beginner
67.35,64.94,60.3,3,79.28,68.33,Intermediate
78.27,70.23,81.3,2,77.76,93.45,Intermediate
43.94,46.82,54.7,1,41.7,41.55,Beginner
89.85,85.55,37.6,2,74.87,85.7,Intermediate
54.58,59.82,50.7,2,64.0,51.95,Beginner
59.57,51.01,24.3,3,51.75,68.17,Intermediate
45.06,58.81,32.4,3,43.86,52.31,Beginner
11.52,4.34,74.4,1,29.28,23.11,Beginner
77.68,79.44,72.5,3,83.79,85.49,Intermediate
74.74,81.07,62.3,1,55.2,66.48,Intermediate
54.37,49.81,20.6,1,33.14,51.18,Beginner
61.34,68.16,47.8,3,60.57,74.62,Intermediate
70.32,60.49,30.5,1,55.77,69.47,Intermediate
28.75,40.37,78.5,1,36.53,39.57,Beginner
49.42,49.53,43.3,1,49.93,50.57,Beginner
75.89,71.11,33.3,2,77.87,72.01,Intermediate
34.91,32.52,55.6,2,26.43,38.3,Beginner
65.87,72.34,42.2,2,86.77,62.79,Intermediate
32.87,28.19,84.7,1,66.98,32.85,Beginner
69.33,63.33,40.3,2,65.99,72.99,Intermediate
59.29,57.51,27.0,3,63.52,67.61,Intermediate
27.7,18.28,11.9,3,28.87,25.94,Beginner
83.29,97.86,54.4,1,80.18,82.53,Intermediate
45.31,40.78,43.8,3,35.32,48.16,Beginner
43.79,50.45,26.4,2,30.78,44.4,Beginner
64.01,65.69,78.8,1,50.38,65.69,Beginner
82.97,75.1,68.3,1,87.84,79.03,Intermediate
39.68,39.64,54.4,1,33.45,50.8,Beginner
61.23,67.51,82.3,2,30.29,71.46,Beginner
68.58,67.07,68.3,1,73.91,76.18,Intermediate
73.86,83.41,38.5,2,73.4,72.98,Intermediate
63.53,71.7,34.2,1,79.69,58.67,Intermediate
52.66,60.01,71.4,3,57.14,58.94,Beginner
43.45,39.77,62.9,1,25.7,45.07,Beginner
61.72,53.08,58.4,3,34.97,63.13,Beginner
38.56,33.65,38.1,3,29.92,38.42,Beginner
5.0,6.57,67.2,1,0.0,10.35,Beginner
68.73,73.1,39.9,2,80.05,68.81,Intermediate
78.08,60.71,53.0,1,77.97,81.96,Intermediate
12.74,12.68,83.9,3,26.35,25.71,Beginner
39.81,41.07,41.8,2,23.91,51.23,Beginner
72.38,70.16,23.5,1,83.97,65.04,Intermediate
99.0,100.0,33.9,1,100.0,99.49,Advanced
60.42,63.79,74.9,2,36.2,59.22,Beginner
45.44,55.92,60.1,3,61.31,44.48,Beginner
56.34,54.61,52.4,2,57.46,57.26,Beginner
87.5,95.0,44.8,3,92.2,96.91,Advanced
47.08,60.16,64.7,2,36.7,49.08,Beginner
44.02,54.51,38.0,1,59.32,55.89,Beginner
50.35,41.61,61.1,3,36.11,59.61,Beginner
40.93,38.9,40.4,1,50.92,41.29,Beginner
62.45,59.69,37.0,3,72.3,74.42,Intermediate
92.49,96.41,42.3,2,80.8,95.77,Intermediate
66.46,71.95,47.5,1,90.26,61.55,Intermediate
54.95,48.24,54.0,2,57.73,69.71,Beginner
54.16,54.71,59.7,3,62.01,61.39,Intermediate
28.74,12.58,10.0,3,10.41,36.55,Beginner
77.66,89.2,38.8,1,100.0,72.32,Intermediate
58.44,54.34,47.2,1,43.75,66.85,Beginner
56.39,56.84,85.1,2,68.69,62.98,Beginner
99.0,96.52,33.4,2,87.06,100.0,Advanced
65.98,75.14,58.3,2,58.55,65.65,Intermediate
44.96,22.26,84.9,1,54.43,52.37,Beginner
51.47,51.34,28.7,3,63.8,62.83,Intermediate
82.97,82.12,62.9,2,67.71,80.32,Intermediate
62.27,58.64,39.0,3,75.35,58.78,Intermediate
31.23,45.04,44.9,2,43.77,40.22,Beginner
78.38,71.29,38.9,2,67.13,70.67,Intermediate
46.64,52.81,40.4,3,65.82,53.82,Beginner
97.47,100.0,109.4,2,79.98,91.99,Intermediate
81.6,91.69,71.9,3,74.1,92.38,Intermediate
51.05,45.72,77.0,3,56.8,54.61,Beginner
85.62,79.76,64.8,2,75.38,93.41,Intermediate
61.36,70.13,22.9,2,64.52,61.36,Intermediate
77.06,80.46,62.9,1,79.95,82.89,Intermediate
69.69,57.34,76.5,1,67.45,82.48,Intermediate
43.07,38.76,37.9,1,53.06,39.22,Beginner
47.13,50.22,74.3,1,44.39,51.11,Beginner
80.6,87.3,69.1,1,83.38,96.64,Intermediate
53.3,47.87,92.0,1,67.06,55.44,Beginner
51.93,28.61,46.6,2,61.42,56.14,Beginner
40.9,45.08,33.0,2,50.33,50.36,Beginner
68.47,58.71,47.8,1,54.68,69.24,Intermediate
99.0,82.86,83.7,1,100.0,86.84,Intermediate
38.65,15.99,18.4,2,28.11,50.35,Beginner
60.48,67.0,13.6,2,45.11,51.63,Intermediate
88.24,89.27,56.8,2,87.38,86.68,Intermediate
58.41,56.6,46.1,2,47.56,68.98,Beginner
69.05,80.16,55.2,3,78.53,71.38,Intermediate
38.75,43.85,73.9,2,48.53,39.49,Beginner
68.57,81.5,43.9,2,45.73,76.36,Intermediate
56.26,45.12,17.5,3,46.32,56.65,Intermediate
79.71,79.44,95.9,3,62.2,76.0,Intermediate
83.75,70.81,35.1,2,78.2,86.69,Intermediate
99.0,97.16,33.8,2,100.0,97.98,Advanced
71.59,69.6,77.1,1,68.69,64.4,Intermediate
66.52,71.53,47.3,2,59.44,73.02,Intermediate
63.89,64.25,53.7,3,79.49,71.56,Intermediate
52.94,57.92,64.7,2,25.28,54.54,Beginner
66.77,72.4,76.7,3,81.61,69.68,Intermediate
54.09,71.33,48.3,2,47.56,60.59,Beginner
63.37,60.85,85.4,3,62.43,75.44,Intermediate
86.35,78.82,12.3,2,80.02,85.75,Intermediate
39.87,41.84,70.2,1,58.38,46.61,Beginner
82.8,76.38,38.2,2,68.03,87.56,Intermediate
86.34,98.2,82.4,1,86.48,90.71,Intermediate
57.64,55.37,57.8,1,63.97,59.26,Beginner
17.56,13.04,41.5,3,0.0,20.68,Beginner
47.84,44.07,68.3,1,36.8,47.24,Beginner
85.94,91.69,72.9,3,84.16,91.12,Intermediate
59.54,58.28,67.8,1,48.9,71.69,Beginner
40.01,34.88,34.4,1,30.23,39.91,Beginner
49.9,63.23,45.3,3,45.71,60.74,Beginner
76.81,69.96,54.9,2,84.61,76.7,Intermediate
70.93,71.22,54.2,2,66.82,73.92,Intermediate
55.22,60.44,70.0,2,68.16,67.9,Beginner
52.66,39.61,14.7,2,40.69,61.04,Beginner
52.16,56.01,61.7,3,37.14,50.54,Beginner
41.55,33.11,49.2,2,64.67,42.79,Beginner
92.31,98.89,38.2,2,84.41,100.0,Intermediate
53.55,45.85,40.2,3,37.82,60.12,Beginner
84.34,89.89,50.7,1,63.44,76.7,Intermediate
90.43,99.27,10.0,2,100.0,86.28,Advanced
79.97,86.86,41.0,3,75.87,87.79,Intermediate
51.37,53.38,37.5,2,48.32,61.22,Beginner
68.07,66.22,65.7,3,66.16,72.74,Intermediate
59.52,54.9,38.9,2,71.67,77.61,Intermediate
41.93,53.69,50.7,3,39.77,53.52,Beginner
66.49,60.89,85.8,3,94.62,69.71,Intermediate
36.42,28.12,74.9,1,38.02,34.61,Beginner
83.75,89.08,73.0,1,96.5,77.2,Intermediate
50.71,44.34,45.0,2,60.37,56.66,Beginner
64.02,56.42,65.9,2,63.59,63.97,Intermediate
65.67,54.12,50.3,1,58.62,76.45,Intermediate
54.82,50.96,51.1,1,58.81,65.23,Beginner
71.73,71.07,63.2,1,77.86,75.79,Intermediate
50.5,52.45,43.1,3,43.63,49.39,Beginner
77.43,85.04,84.9,2,79.42,75.2,Intermediate
33.08,37.3,51.8,2,47.91,45.97,Beginner
62.53,61.0,67.4,1,87.37,60.15,Intermediate
98.78,97.19,84.1,2,100.0,100.0,Advanced
39.99,44.07,75.6,1,62.35,45.64,Beginner
46.45,56.63,26.8,1,38.89,49.04,Beginner
70.28,71.29,63.9,3,78.7,70.44,Intermediate
63.59,59.84,72.0,3,79.65,67.94,Intermediate
67.01,59.07,72.8,1,56.26,68.79,Beginner
69.78,58.22,32.7,1,63.96,76.4,Intermediate
72.69,78.02,41.9,1,93.55,67.56,Intermediate
82.19,86.82,74.9,2,70.49,82.04,Intermediate
68.2,72.82,39.8,1,52.1,69.01,Intermediate
55.17,54.15,49.0,1,73.51,60.74,Beginner
73.45,84.71,86.5,1,87.81,68.12,Intermediate
98.0,94.12,54.0,3,100.0,92.26,Advanced
57.35,64.99,40.5,2,56.8,64.8,Beginner
40.51,40.2,37.4,2,35.25,36.16,Beginner
82.14,77.27,61.7,2,85.52,91.28,Intermediate
57.59,62.33,28.3,3,76.55,62.05,Intermediate
16.55,19.82,50.1,3,19.41,15.94,Beginner
76.95,79.8,61.7,1,100.0,73.91,Intermediate
49.29,49.94,81.0,1,38.52,53.62,Beginner
58.19,57.89,68.4,2,57.95,58.34,Beginner
66.64,85.75,40.7,1,62.16,67.43,Intermediate
63.81,73.28,78.6,2,50.79,71.15,Beginner
74.19,79.97,49.0,2,72.35,75.04,Intermediate
51.29,52.18,30.3,2,56.3,49.56,Beginner
70.26,78.32,51.6,1,76.55,68.85,Intermediate
54.81,58.95,83.8,2,80.85,66.91,Intermediate
74.78,74.99,58.3,3,80.35,88.9,Intermediate
72.31,69.88,55.3,1,86.11,60.4,Intermediate
41.29,40.64,87.7,2,42.08,52.53,Beginner
81.72,56.36,26.4,1,100.0,82.68,Intermediate
49.28,50.97,29.3,1,78.06,56.88,Beginner
76.16,72.25,22.7,2,82.53,74.77,Intermediate
67.35,80.09,62.5,1,55.43,57.35,Beginner
96.76,96.92,58.3,1,90.18,98.53,Intermediate
55.53,46.02,85.9,1,58.91,51.44,Beginner
53.01,52.61,59.9,2,58.49,48.44,Beginner
59.61,51.24,46.9,2,67.99,54.93,Intermediate
53.94,57.72,55.0,1,59.46,59.23,Beginner
76.0,78.33,57.4,2,76.08,78.76,Intermediate
27.67,35.34,21.6,1,20.04,36.15,Beginner
38.93,32.6,109.2,2,43.74,44.83,Beginner
38.64,38.92,65.4,2,60.9,41.03,Beginner
79.01,68.09,59.2,2,91.25,80.26,Intermediate
94.21,99.82,67.3,3,100.0,93.61,Advanced
57.91,62.06,69.2,3,70.27,62.02,Intermediate
56.62,60.59,52.2,1,52.17,52.29,Beginner
61.4,61.41,42.4,3,55.3,68.83,Intermediate
83.24,86.56,67.0,1,74.26,89.03,Intermediate
41.45,54.29,62.7,3,39.95,43.24,Beginner
64.77,62.49,38.8,1,59.7,73.27,Intermediate
79.5,80.61,83.4,2,94.0,81.82,Intermediate
70.02,61.33,60.9,1,64.32,71.87,Intermediate
63.79,56.85,69.6,1,54.16,54.49,Beginner
80.02,80.8,82.8,2,100.0,70.78,Intermediate
5.94,14.77,55.4,3,0.52,16.33,Beginner
73.56,71.51,61.3,2,75.4,80.41,Intermediate
46.92,45.03,71.2,2,52.33,47.14,Beginner
23.39,20.13,40.5,3,9.75,41.54,Beginner
70.22,65.95,56.1,1,85.05,75.02,Intermediate
87.47,89.83,57.5,1,95.12,81.03,Intermediate
57.25,45.27,35.9,1,75.95,58.86,Intermediate
79.06,89.31,101.4,2,70.91,92.59,Intermediate
92.25,86.92,26.9,1,93.44,83.41,Intermediate
86.3,92.07,29.0,1,86.77,88.56,Intermediate
92.8,82.64,81.3,1,95.97,89.44,Intermediate
74.84,80.19,69.3,1,57.39,79.1,Intermediate
61.51,66.88,34.5,3,62.84,74.19,Intermediate
27.96,31.03,67.1,1,10.84,29.41,Beginner
55.08,47.12,84.4,2,59.38,65.39,Beginner
43.14,45.13,54.4,2,17.59,61.01,Beginner
99.0,89.54,107.0,2,76.78,96.48,Intermediate
56.48,54.46,20.5,1,66.3,62.67,Intermediate
62.46,70.7,68.9,1,55.9,59.92,Beginner
71.03,77.4,78.3,1,59.18,71.46,Intermediate
60.87,60.99,72.8,2,76.12,62.94,Intermediate
93.9,86.1,50.9,1,97.83,97.17,Intermediate
47.55,52.71,49.2,2,58.01,58.97,Beginner
63.89,64.05,63.9,2,61.9,66.12,Intermediate
45.15,26.59,71.3,2,77.31,58.74,Beginner
33.6,39.86,67.0,2,26.35,48.09,Beginner
47.76,47.57,75.8,2,68.7,57.02,Beginner
59.26,68.88,34.6,3,58.52,61.42,Intermediate
51.41,42.65,50.4,1,31.56,49.63,Beginner
46.15,20.74,36.2,2,51.95,45.59,Beginner
31.87,34.11,47.3,3,35.65,45.02,Beginner
58.34,60.67,75.3,2,45.72,54.4,Beginner
29.91,16.38,57.2,1,18.84,37.57,Beginner
75.2,67.37,107.1,2,74.9,67.7,Intermediate
61.65,83.69,58.9,1,65.85,67.66,Beginner
30.85,28.4,56.2,1,1.2,34.48,Beginner
53.82,59.66,57.1,1,66.45,63.51,Beginner
44.96,39.75,42.2,1,39.02,54.21,Beginner
66.38,49.66,53.8,2,50.4,77.68,Intermediate
86.81,85.45,77.6,3,98.1,98.63,Intermediate
22.5,20.37,57.3,1,22.21,27.56,Beginner
62.3,59.1,39.1,3,76.89,60.36,Intermediate
56.8,55.88,36.5,3,62.05,55.94,Intermediate
73.43,75.54,46.0,3,73.41,65.03,Intermediate
64.26,63.06,56.5,3,62.43,62.62,Intermediate
44.96,34.85,78.9,2,50.75,49.78,Beginner
53.62,57.51,28.2,1,48.66,51.97,Beginner
44.08,28.48,48.6,2,33.85,47.47,Beginner
81.52,65.12,57.9,2,88.84,85.95,Intermediate
60.43,66.34,18.3,3,58.69,63.77,Intermediate
98.02,100.0,38.3,3,98.43,93.45,Advanced
58.79,58.33,41.4,2,71.86,61.76,Intermediate
45.83,34.67,39.1,1,44.47,42.77,Beginner
29.73,24.06,58.8,1,29.91,31.72,Beginner
23.94,21.84,51.8,1,16.74,36.08,Beginner
28.32,15.55,43.9,2,33.49,32.43,Beginner
65.34,59.43,63.6,2,69.54,78.74,Intermediate
70.17,75.39,89.5,3,80.98,83.15,Intermediate
28.38,39.79,87.8,2,21.43,30.63,Beginner
77.9,74.55,16.5,3,72.41,75.0,Intermediate
50.34,56.39,66.5,2,59.84,54.0,Beginner
62.94,47.62,51.4,3,65.96,74.82,Intermediate
92.24,97.52,58.1,1,81.37,87.92,Intermediate
77.94,71.51,47.0,3,93.62,87.15,Intermediate
54.63,57.09,57.4,2,34.25,65.51,Beginner
42.18,40.19,58.0,1,51.59,40.16,Beginner
16.96,27.53,43.4,1,1.78,17.55,Beginner
45.62,38.62,37.1,3,68.25,56.24,Intermediate
55.78,60.8,46.0,1,37.24,58.23,Beginner
40.26,38.02,59.7,2,54.08,40.92,Beginner
57.37,56.11,67.0,1,56.4,56.67,Beginner
61.54,60.07,72.1,2,57.14,64.19,Beginner
55.5,48.74,45.1,3,57.73,51.67,Intermediate
47.0,46.89,60.7,2,54.58,55.83,Beginner
63.37,62.87,74.3,2,52.52,63.43,Beginner
68.84,70.77,78.3,3,59.05,56.63,Intermediate
38.19,38.87,53.8,3,45.99,44.99,Beginner
88.22,94.6,50.6,3,67.73,86.71,Intermediate
58.03,65.42,58.8,2,51.02,71.52,Beginner
60.38,51.97,32.0,1,96.87,58.03,Intermediate
74.16,81.11,51.1,2,62.55,69.65,Intermediate
64.66,55.17,69.9,2,78.44,70.54,Intermediate
79.06,83.77,67.8,1,72.03,74.78,Intermediate
65.74,70.7,49.6,1,71.85,61.81,Intermediate
47.75,32.46,59.4,1,55.6,52.99,Beginner
67.23,67.97,38.5,2,80.78,63.61,Intermediate
37.13,33.38,69.1,3,34.72,35.41,Beginner
62.17,56.1,53.4,1,86.04,73.55,Intermediate
59.34,70.14,49.5,2,52.26,66.07,Beginner
55.84,50.61,47.8,3,58.65,59.79,Intermediate
57.43,50.98,53.7,1,60.37,58.81,Beginner
22.36,22.97,46.0,2,8.9,31.61,Beginner
49.03,54.51,68.2,3,45.6,60.94,Beginner
61.86,60.72,47.1,3,63.8,62.37,Intermediate
63.2,72.53,86.9,1,58.01,66.34,Beginner
39.45,43.69,84.3,1,68.74,39.25,Beginner
85.31,67.89,37.2,1,75.25,83.36,Intermediate
42.68,38.44,56.4,2,56.83,48.23,Beginner
79.39,74.89,42.0,2,89.67,81.0,Intermediate
68.54,72.38,48.5,2,68.38,75.47,Intermediate
47.08,26.08,95.0,1,36.69,52.23,Beginner
95.51,100.0,48.8,1,86.29,84.82,Intermediate
36.13,40.38,62.2,2,29.91,33.09,Beginner
78.38,79.57,65.8,2,56.95,77.89,Intermediate
80.01,89.46,35.0,2,67.97,92.58,Intermediate
46.59,65.34,37.9,2,28.8,45.75,Beginner
87.85,94.82,30.9,1,100.0,85.57,Intermediate
55.0,62.59,37.3,1,62.42,53.38,Beginner
65.77,66.82,10.0,1,75.21,63.19,Intermediate
65.21,64.07,65.9,1,72.27,67.06,Intermediate
57.31,53.51,96.1,1,59.32,67.13,Beginner
76.22,69.61,58.0,1,93.74,78.85,Intermediate
75.87,70.37,26.7,1,68.54,70.98,Intermediate
25.03,14.22,42.1,1,26.31,45.55,Beginner
86.09,85.48,45.8,2,95.05,87.67,Intermediate
26.75,13.27,34.6,1,10.9,27.15,Beginner
80.65,82.18,72.2,2,100.0,90.67,Intermediate
82.53,82.24,71.2,2,82.88,81.12,Intermediate
38.18,39.36,31.9,2,39.88,53.1,Beginner
51.78,47.61,69.5,3,66.87,52.42,Beginner
37.89,62.5,85.5,1,48.87,49.44,Beginner
55.7,66.58,93.1,2,56.16,60.45,Beginner
53.84,43.88,112.3,3,55.4,64.28,Beginner
75.59,77.46,37.0,3,57.54,90.96,Intermediate
86.21,81.34,111.5,1,79.53,75.51,Intermediate
87.91,79.8,47.9,1,94.12,94.54,Intermediate
48.76,38.04,43.2,1,54.08,42.4,Beginner
55.82,59.27,61.5,2,70.47,53.07,Intermediate
26.33,20.88,43.4,2,24.89,27.4,Beginner
43.88,51.63,63.0,1,27.24,49.39,Beginner
79.3,87.25,28.6,2,91.98,81.15,Intermediate
92.31,100.0,50.2,2,100.0,91.92,Advanced
35.31,28.49,80.7,2,46.09,41.37,Beginner
48.15,51.95,53.9,3,46.19,57.85,Beginner
59.47,64.53,57.8,3,72.0,68.72,Intermediate
65.6,61.81,64.5,1,100.0,72.92,Intermediate
43.81,37.63,78.4,2,45.19,59.22,Beginner
68.48,81.36,21.9,1,52.74,68.87,Intermediate
50.52,52.34,66.7,2,43.49,51.35,Beginner
59.71,64.8,49.6,3,67.22,68.62,Intermediate
70.93,64.35,58.3,3,51.67,68.39,Intermediate
60.13,50.37,76.2,2,62.16,59.25,Beginner
51.27,46.72,31.1,1,55.84,59.17,Beginner
57.81,56.82,34.7,1,76.23,58.44,Intermediate
58.23,49.72,16.3,2,73.96,54.32,Intermediate
52.6,52.52,44.0,1,62.97,45.45,Beginner
54.82,41.32,81.6,2,28.87,58.73,Beginner
91.97,83.01,52.6,1,100.0,97.47,Intermediate
71.22,76.59,28.2,1,79.68,78.29,Intermediate
54.09,58.92,45.3,1,57.16,56.43,Beginner
73.94,70.8,25.2,3,53.18,90.08,Intermediate
53.32,45.18,32.5,2,44.0,56.43,Beginner
83.46,75.24,62.8,1,69.46,81.95,Intermediate
67.39,64.41,31.5,1,43.21,52.6,Beginner
57.85,63.01,77.3,2,57.82,58.54,Beginner
68.95,76.38,53.6,1,59.38,74.55,Intermediate
28.58,24.61,56.7,2,60.09,43.68,Beginner
37.46,28.24,49.4,3,35.44,39.49,Beginner
36.12,38.26,70.5,2,51.65,44.01,Beginner
62.86,56.27,70.7,2,44.03,72.11,Beginner
94.65,90.5,61.7,2,88.29,95.15,Intermediate
99.0,100.0,66.3,3,100.0,87.38,Advanced
72.76,79.38,50.8,3,61.86,78.42,Intermediate
70.02,71.28,65.8,2,64.95,76.98,Intermediate
23.98,13.8,48.2,1,21.36,22.38,Beginner
49.15,50.84,55.0,2,46.34,51.69,Beginner
44.24,52.75,49.5,1,66.51,39.77,Beginner
47.58,44.58,45.9,2,52.12,36.36,Beginner
56.64,67.45,41.2,2,62.39,66.27,Intermediate
50.56,60.9,64.4,1,57.03,52.49,Beginner
20.41,33.72,81.2,1,27.77,34.37,Beginner
74.96,77.4,78.4,2,73.96,82.11,Intermediate
38.55,43.24,29.9,3,34.7,43.34,Beginner
64.78,76.1,80.8,2,66.79,67.1,Intermediate
99.0,100.0,48.6,2,100.0,100.0,Advanced
41.61,37.6,67.0,1,55.13,50.08,Beginner
9.39,5.81,36.9,2,6.51,18.58,Beginner
54.28,56.19,57.8,2,63.49,64.57,Beginner
82.02,71.69,61.3,2,79.68,81.68,Intermediate
99.0,97.85,25.3,1,99.41,91.1,Advanced
35.41,44.18,67.2,2,29.73,40.19,Beginner
69.93,52.4,81.9,1,67.75,71.57,Intermediate
50.69,62.97,51.5,1,66.79,45.43,Beginner
57.88,66.86,82.2,3,58.99,55.23,Beginner
99.0,95.32,51.2,1,100.0,99.76,Advanced
29.94,34.29,72.0,1,12.57,31.11,Beginner
65.07,65.1,10.6,2,61.36,66.87,Intermediate
69.35,79.19,103.4,3,66.46,68.65,Intermediate
81.72,89.58,84.9,2,71.77,92.3,Intermediate
61.96,50.76,49.3,2,62.22,72.57,Intermediate
66.16,70.86,15.6,3,61.01,63.44,Intermediate
52.17,50.52,60.8,1,53.13,50.8,Beginner
65.38,66.05,26.1,2,66.84,73.25,Intermediate
53.14,47.31,63.9,2,41.67,60.5,Beginner
72.43,86.42,63.2,3,67.65,76.39,Intermediate
52.61,60.93,36.2,1,53.54,47.57,Beginner
67.54,61.62,77.4,1,81.75,64.04,Intermediate
59.41,48.74,71.1,2,62.5,59.56,Beginner
82.52,79.44,74.5,2,74.58,85.58,Intermediate
58.97,62.45,55.2,2,63.76,72.48,Intermediate
24.54,26.46,26.7,2,45.03,26.45,Beginner
85.24,95.26,74.6,1,96.24,78.26,Intermediate
41.89,48.2,49.6,2,48.46,45.88,Beginner
46.92,54.68,27.2,2,55.63,57.36,Beginner
48.09,50.7,82.0,3,65.37,45.56,Beginner
87.49,76.37,97.0,1,100.0,95.21,Intermediate
17.29,15.72,54.2,3,24.09,24.87,Beginner
99.0,100.0,98.2,2,100.0,94.67,Advanced
81.12,80.71,56.8,1,68.14,71.03,Intermediate
64.46,68.49,47.4,2,46.44,71.55,Intermediate
58.9,56.35,42.4,1,60.79,59.16,Beginner
65.71,57.47,87.7,3,66.54,71.48,Intermediate
70.42,69.44,39.4,3,63.9,69.38,Intermediate
72.9,75.38,69.7,1,82.81,71.16,Intermediate
71.11,65.87,43.8,1,48.76,68.5,Intermediate
61.79,59.91,45.8,2,55.37,64.24,Intermediate
56.05,48.54,75.6,2,50.23,55.55,Beginner
56.97,65.93,47.4,2,37.34,51.21,Beginner
56.1,53.75,46.9,1,74.04,73.98,Beginner
82.68,94.3,77.7,2,66.36,75.88,Intermediate
71.87,84.1,86.9,1,64.81,73.21,Intermediate
5.0,4.35,67.9,3,15.9,3.97,Beginner
73.12,65.05,41.9,3,80.87,65.29,Intermediate
63.89,47.21,44.8,2,50.6,67.37,Intermediate
59.63,47.85,56.6,3,67.82,65.9,Intermediate
52.23,41.24,61.4,1,55.71,61.62,Beginner
82.48,93.51,35.2,1,100.0,84.28,Intermediate
78.95,79.88,69.5,2,83.8,79.74,Intermediate
44.54,47.66,56.7,2,42.85,43.28,Beginner
68.14,50.38,20.7,2,57.86,79.68,Intermediate
40.57,30.98,36.4,3,31.64,52.89,Beginner
32.41,39.5,44.9,3,22.5,32.34,Beginner
47.47,49.76,53.5,2,63.92,51.9,Beginner
77.25,76.07,92.8,3,77.46,81.93,Intermediate
79.06,83.58,59.8,1,85.85,76.66,Intermediate
70.26,83.35,38.2,1,88.43,75.27,Intermediate
74.5,72.73,59.4,2,46.2,81.53,Intermediate
70.32,70.88,48.0,2,85.67,71.55,Intermediate
47.17,48.71,61.5,2,47.84,49.71,Beginner
68.64,87.78,66.6,1,73.86,78.14,Intermediate
76.01,59.21,79.2,2,66.07,83.52,Intermediate
75.09,80.55,54.5,1,66.02,75.51,Intermediate
83.78,82.86,87.8,2,89.64,75.3,Intermediate
74.17,78.7,73.2,1,100.0,76.3,Intermediate
67.03,61.77,40.9,1,79.07,71.86,Intermediate
81.4,81.01,99.2,1,96.59,64.36,Intermediate
59.47,65.16,61.5,1,57.17,62.22,Beginner
42.36,67.27,38.3,3,35.16,46.47,Beginner
56.74,63.2,88.1,1,47.37,56.87,Beginner
45.1,38.32,96.6,1,39.24,42.05,Beginner
46.5,43.11,54.3,2,21.86,49.89,Beginner
57.11,53.48,44.9,2,48.41,68.89,Beginner
44.15,29.79,51.6,1,37.43,43.94,Beginner
53.84,51.2,69.3,1,51.74,61.33,Beginner
22.13,27.99,80.6,3,23.71,25.52,Beginner
64.27,54.07,66.4,2,68.62,71.68,Intermediate
60.02,68.41,57.0,2,59.85,63.23,Intermediate
43.66,47.56,85.0,2,36.68,50.28,Beginner
73.18,67.31,48.7,1,49.62,73.37,Intermediate
78.75,77.62,75.6,1,71.85,82.3,Intermediate
27.85,40.64,49.2,2,16.18,18.22,Beginner
44.75,50.61,63.6,3,50.34,42.65,Beginner
44.62,44.69,52.7,1,55.53,49.55,Beginner
41.2,39.3,53.9,3,52.46,35.64,Beginner
76.59,77.2,47.5,1,85.67,73.28,Intermediate
56.12,52.03,81.9,1,54.52,57.31,Beginner
54.71,37.87,40.3,1,48.45,51.36,Beginner
19.92,36.26,40.2,1,10.96,20.18,Beginner
72.71,73.95,97.4,3,54.62,78.52,Intermediate
35.21,38.4,74.6,2,47.12,46.45,Beginner
61.2,60.74,10.0,1,59.1,56.55,Intermediate
65.55,59.67,43.7,3,50.59,66.85,Intermediate
87.21,85.73,18.8,3,77.3,85.85,Advanced
33.82,21.03,36.0,3,23.42,26.59,Beginner
5.0,23.22,10.0,3,5.52,15.45,Beginner
63.68,53.8,52.3,1,76.49,70.19,Intermediate
96.01,87.75,32.2,3,91.83,100.0,Advanced
84.78,81.26,56.2,2,57.75,80.77,Intermediate
64.19,74.5,22.5,3,61.92,61.55,Intermediate
50.17,50.28,56.7,3,48.29,56.28,Beginner
76.14,66.25,46.7,1,73.44,81.03,Intermediate
40.53,50.56,85.0,3,33.0,48.22,Beginner
69.53,75.38,83.2,1,72.14,71.7,Intermediate
70.11,74.42,70.7,1,70.9,77.35,Intermediate
81.2,86.93,48.5,1,80.91,76.27,Intermediate
99.0,100.0,94.7,3,100.0,99.76,Advanced
67.85,85.33,23.9,1,62.69,78.23,Intermediate
49.82,44.33,26.9,2,43.98,52.65,Beginner
59.49,72.48,53.3,2,76.05,55.13,Intermediate
24.62,27.68,100.1,3,31.33,25.63,Beginner
46.11,50.1,51.0,1,56.03,42.79,Beginner
51.81,38.28,51.3,3,66.53,59.81,Intermediate
49.52,48.16,26.2,3,55.83,50.18,Intermediate
63.05,56.54,73.9,2,74.19,67.63,Intermediate
43.55,50.18,74.1,2,24.6,43.65,Beginner
82.42,90.99,70.8,2,84.87,71.09,Intermediate
60.0,43.41,42.4,3,57.81,67.04,Intermediate
59.81,59.64,40.9,3,79.95,65.92,Intermediate
53.44,62.42,29.1,1,64.57,58.27,Beginner
63.1,61.61,56.7,3,55.54,64.02,Intermediate
76.5,82.33,33.4,2,80.98,73.7,Intermediate
42.66,45.47,31.5,2,44.67,49.65,Beginner
46.84,49.57,46.5,3,52.29,62.2,Beginner
53.93,51.75,45.2,1,41.7,55.68,Beginner
33.08,23.35,44.2,3,37.4,42.98,Beginner
43.61,34.64,64.3,2,40.88,46.2,Beginner
50.48,56.15,56.6,3,53.86,47.18,Beginner
77.49,77.64,49.2,1,68.8,83.09,Intermediate
65.25,64.14,58.7,2,58.23,73.48,Intermediate
63.87,60.48,35.2,3,77.96,73.03,Intermediate
77.02,74.58,57.1,1,64.4,75.76,Intermediate
57.25,65.63,58.0,1,45.52,62.25,Beginner
67.81,65.13,24.9,3,67.19,77.75,Intermediate
57.94,47.21,74.9,1,48.67,69.02,Beginner
65.31,71.26,37.4,3,54.69,76.01,Intermediate
48.34,46.71,56.8,1,49.61,50.86,Beginner
11.22,11.47,78.3,2,0.0,10.48,Beginner
57.31,70.18,73.5,3,45.22,63.66,Beginner
88.45,88.29,55.7,2,100.0,90.92,Intermediate
78.52,80.84,47.8,2,84.04,84.5,Intermediate
79.31,69.88,74.0,2,70.35,89.09,Intermediate
84.72,82.97,68.5,3,89.74,87.37,Intermediate
61.77,66.65,42.6,1,68.58,75.44,Intermediate
63.95,51.5,39.1,2,75.88,56.27,Intermediate
47.65,49.25,13.6,1,46.12,52.35,Beginner
53.68,54.48,58.1,2,65.4,52.59,Beginner
72.32,72.65,53.3,1,47.85,61.09,Intermediate
84.08,92.37,77.7,1,71.4,82.14,Intermediate
57.21,59.89,62.2,2,59.18,51.89,Beginner
51.0,62.82,81.7,1,54.95,51.95,Beginner
60.01,52.06,41.1,1,49.07,61.42,Beginner
72.02,73.11,77.8,2,75.14,80.97,Intermediate
31.12,31.8,44.4,2,23.64,27.59,Beginner
14.08,5.52,70.6,3,10.75,28.4,Beginner
48.99,56.64,25.8,2,61.29,53.66,Beginner
35.59,54.18,59.7,1,46.49,44.91,Beginner
49.84,49.7,15.3,2,37.87,51.26,Beginner
57.04,61.08,49.7,1,44.36,50.49,Beginner
50.94,51.61,63.8,3,46.0,49.56,Beginner
89.05,83.34,44.6,3,88.73,84.17,Advanced
66.53,51.97,34.0,2,58.64,72.08,Intermediate
66.01,60.36,71.9,2,78.5,77.59,Intermediate
72.44,61.31,52.9,1,76.61,69.26,Intermediate
37.22,50.86,45.2,2,42.1,46.02,Beginner
80.78,79.86,55.8,3,65.58,75.18,Intermediate
58.48,55.72,107.7,1,72.49,57.89,Beginner
73.41,80.52,78.1,1,39.57,77.55,Beginner
38.56,29.59,78.3,2,48.57,34.79,Beginner
28.92,22.79,63.7,2,40.14,33.39,Beginner
76.36,76.9,58.3,2,71.17,82.54,Intermediate
67.53,75.76,10.0,3,82.8,54.52,Intermediate
41.96,45.97,41.4,1,41.2,52.61,Beginner
42.61,44.59,45.4,2,43.36,49.32,Beginner
82.51,83.13,17.5,2,86.58,88.21,Intermediate
36.21,39.41,31.9,1,74.45,36.84,Beginner
92.85,94.47,15.4,2,100.0,83.09,Advanced
41.99,33.75,54.2,1,50.4,47.83,Beginner
72.77,73.14,71.4,1,61.81,72.45,Intermediate
53.43,44.84,77.1,1,55.15,55.35,Beginner
72.06,72.71,63.3,3,62.31,82.82,Intermediate
49.12,45.27,35.7,2,58.98,57.76,Beginner
56.74,77.06,16.4,3,58.43,73.73,Intermediate
60.82,60.5,19.9,1,47.32,62.88,Beginner
39.96,28.72,29.6,2,40.93,40.61,Beginner
74.82,73.74,37.2,2,64.62,75.7,Intermediate
49.74,53.89,51.8,3,51.55,58.25,Beginner
55.43,68.81,34.7,2,45.12,65.09,Beginner
40.11,35.4,61.8,2,40.44,36.1,Beginner
8.75,0.0,50.4,1,17.76,14.1,Beginner
56.18,62.71,55.2,2,55.54,69.34,Beginner
99.0,87.96,77.8,2,94.31,97.64,Advanced
75.69,72.2,31.4,3,78.13,85.22,Intermediate
59.61,57.55,63.4,1,67.98,63.8,Beginner
54.74,54.19,54.7,1,41.46,62.1,Beginner
60.45,65.96,48.3,2,63.58,58.75,Intermediate
70.94,65.47,72.7,1,86.75,66.43,Intermediate
36.38,34.19,72.6,1,43.27,39.59,Beginner
82.29,82.17,36.1,3,82.98,76.51,Intermediate
74.31,75.5,51.4,2,81.98,74.74,Intermediate
74.36,75.15,60.6,3,79.79,79.93,Intermediate
68.77,72.26,49.5,3,77.81,83.98,Intermediate
60.39,67.14,66.7,1,36.11,63.98,Beginner
73.46,76.6,60.6,2,54.82,79.33,Intermediate
71.84,75.46,91.7,1,83.89,79.08,Intermediate
52.92,40.26,24.4,3,34.86,52.9,Beginner
48.53,48.93,52.6,2,53.35,51.66,Beginner
62.04,65.87,36.8,2,57.81,79.63,Intermediate
90.98,96.81,67.1,1,79.03,89.23,Intermediate
35.22,29.68,22.7,2,39.41,47.1,Beginner
30.65,25.38,61.9,1,33.06,39.98,Beginner
63.3,58.7,42.4,2,88.62,57.36,Intermediate
61.02,65.31,40.3,3,53.52,68.0,Intermediate
63.47,71.74,26.1,3,80.75,69.27,Intermediate
64.88,61.62,45.7,1,69.11,67.67,Intermediate
55.54,62.8,76.7,2,47.6,54.57,Beginner
89.8,90.79,54.5,3,99.39,85.91,Advanced
27.98,26.99,67.6,1,34.77,28.89,Beginner
43.43,41.74,88.3,3,43.86,49.37,Beginner
57.93,63.91,60.3,1,61.13,66.41,Beginner
27.14,29.74,43.8,2,19.97,43.87,Beginner
56.48,74.69,64.3,2,46.57,68.34,Beginner
93.23,86.41,44.1,2,100.0,98.93,Advanced
60.42,64.56,44.9,3,57.73,59.56,Intermediate
64.61,60.38,24.6,1,63.65,62.99,Intermediate
34.8,27.84,73.5,1,38.15,39.27,Beginner
47.67,47.59,47.3,2,50.86,48.06,Beginner
52.5,53.59,58.6,3,35.34,61.76,Beginner
53.65,76.99,34.3,1,69.08,59.68,Beginner
85.63,84.16,63.7,3,87.09,92.0,Intermediate
71.15,62.11,39.8,2,68.72,79.61,Intermediate
37.77,39.95,52.2,1,42.94,35.32,Beginner
64.93,48.33,72.6,3,67.77,75.33,Intermediate
69.96,69.23,70.8,1,79.17,66.19,Intermediate
82.8,82.93,54.6,2,89.26,78.53,Intermediate
91.61,97.97,19.6,1,100.0,93.47,Advanced
39.7,47.49,114.9,2,55.91,48.82,Beginner
43.78,39.75,89.9,2,54.39,51.21,Beginner
34.85,33.64,69.5,2,32.92,40.19,Beginner
55.32,49.19,39.9,2,41.84,60.75,Beginner
69.33,60.3,52.7,2,89.34,72.6,Intermediate
79.75,82.23,44.1,1,76.89,72.61,Intermediate
58.48,48.29,80.3,2,52.8,54.35,Beginner
53.6,50.29,60.3,3,32.76,58.84,Beginner
63.04,55.07,39.3,3,67.1,68.47,Intermediate
43.3,47.69,45.6,1,45.08,45.9,Beginner
99.0,100.0,77.4,1,80.82,100.0,Intermediate
27.85,17.43,87.0,3,33.29,34.33,Beginner
63.69,48.87,85.6,2,57.72,69.98,Beginner
99.0,98.0,70.1,2,100.0,98.21,Advanced
60.14,60.26,49.9,3,53.3,76.27,Intermediate
56.2,57.95,10.0,1,50.98,58.19,Beginner
52.85,49.28,60.9,2,42.35,70.67,Beginner
56.39,54.79,55.0,3,71.73,63.99,Intermediate
87.46,90.4,57.8,2,82.98,87.18,Intermediate
15.76,24.09,56.1,1,7.06,15.11,Beginner
90.67,75.03,28.5,1,99.15,80.76,Advanced
31.52,28.57,66.1,1,14.96,29.05,Beginner
54.67,56.38,67.6,3,62.17,55.02,Intermediate
51.42,44.07,68.6,1,72.79,55.67,Beginner
71.77,85.62,73.9,1,78.57,68.87,Intermediate
28.04,22.95,67.1,3,35.69,36.92,Beginner
69.24,68.91,46.8,1,79.68,77.4,Intermediate
99.0,100.0,53.6,1,100.0,96.55,Advanced
32.74,28.01,56.8,1,47.26,48.59,Beginner
63.79,49.02,57.2,1,69.07,57.64,Intermediate
46.76,43.33,75.0,2,57.61,50.12,Beginner
68.52,76.75,67.9,3,57.89,69.8,Intermediate
60.38,57.69,96.5,3,69.7,71.17,Intermediate
47.17,40.4,99.1,2,35.1,37.96,Beginner
69.76,77.16,56.6,2,65.35,63.52,Intermediate
96.09,93.44,10.0,2,59.1,95.76,Intermediate
56.18,52.1,79.7,1,61.0,67.0,Beginner
74.4,75.59,44.2,1,66.67,75.8,Intermediate
34.13,40.3,39.0,3,47.47,33.29,Beginner
40.87,59.92,47.0,1,45.55,36.42,Beginner
69.45,76.07,46.1,1,82.94,79.93,Intermediate
89.68,98.96,67.2,2,76.68,86.78,Intermediate
67.11,63.06,23.8,2,79.57,64.09,Intermediate
53.74,45.53,33.4,1,79.01,64.3,Intermediate
59.99,60.48,61.9,1,69.16,67.25,Beginner
34.99,35.85,67.5,2,44.48,47.84,Beginner
72.09,63.46,67.8,2,74.13,68.62,Intermediate
77.65,76.24,39.3,1,71.35,68.28,Intermediate
50.96,54.15,35.4,2,60.09,55.68,Beginner
50.6,53.48,44.9,2,32.53,56.56,Beginner
65.32,69.35,59.8,3,60.3,72.28,Intermediate
51.27,53.59,84.7,1,30.01,62.03,Beginner
58.68,54.62,14.1,1,50.23,49.58,Beginner
99.0,94.89,50.6,2,100.0,100.0,Advanced
55.06,45.47,28.3,2,61.12,52.07,Intermediate
52.83,67.11,22.0,1,53.44,59.74,Beginner
47.05,47.16,74.3,2,49.09,48.44,Beginner
74.88,73.09,65.9,1,52.25,70.01,Intermediate
56.38,48.95,64.0,1,51.9,54.21,Beginner
47.01,70.5,73.4,2,38.84,42.58,Beginner
86.43,77.84,45.4,1,78.52,85.75,Intermediate
88.39,84.96,46.3,3,95.59,86.68,Advanced
47.99,51.32,98.7,2,37.67,56.87,Beginner
22.67,27.47,50.1,2,15.41,32.7,Beginner
80.15,87.81,69.7,2,55.11,91.87,Intermediate
46.31,60.77,55.1,2,42.78,52.8,Beginner
75.81,79.86,18.0,1,62.76,78.87,Intermediate
20.6,12.15,14.1,3,21.55,37.35,Beginner
77.85,75.8,43.4,3,66.44,77.86,Intermediate
35.78,38.24,76.1,1,37.03,29.98,Beginner
74.62,91.16,70.8,1,72.88,75.85,Intermediate
60.29,49.1,73.3,1,80.35,52.93,Intermediate
40.92,50.54,35.3,2,46.89,60.37,Beginner
51.86,53.3,87.3,2,29.78,64.44,Beginner
73.73,80.43,35.7,3,58.55,90.81,Intermediate
62.12,61.3,59.3,3,62.78,67.52,Intermediate
71.69,64.95,54.8,2,60.53,77.26,Intermediate
99.0,100.0,51.5,2,63.38,96.32,Intermediate
28.72,33.95,81.8,2,44.91,39.72,Beginner
92.34,100.0,40.9,2,100.0,85.66,Advanced
62.09,61.98,28.0,2,68.34,49.86,Intermediate
42.02,37.23,55.4,2,34.74,41.92,Beginner
33.39,20.92,47.0,2,38.53,29.99,Beginner
56.22,62.77,122.5,2,47.77,65.59,Beginner
78.43,81.82,68.5,2,80.89,91.05,Intermediate
57.45,49.72,46.8,2,46.4,52.44,Beginner
90.22,85.91,33.9,2,100.0,98.76,Advanced
30.98,27.24,17.4,2,12.13,42.21,Beginner
59.76,47.89,34.5,2,74.55,53.56,Intermediate
34.95,28.41,57.3,2,35.42,37.81,Beginner
67.27,58.2,83.5,1,61.4,64.41,Beginner
77.74,74.44,77.4,1,79.74,82.01,Intermediate
51.58,45.68,59.6,2,60.38,48.09,Beginner
7.92,0.0,48.5,2,24.32,14.69,Beginner
63.98,80.16,60.4,3,67.74,64.75,Intermediate
68.73,78.76,44.6,2,58.05,74.08,Intermediate
68.09,61.85,89.4,2,68.75,69.34,Intermediate
84.72,86.9,51.2,1,100.0,80.73,Intermediate
38.58,41.92,53.3,1,54.75,40.21,Beginner
73.6,83.13,10.7,3,84.51,89.93,Intermediate
83.85,77.3,51.1,1,93.4,80.64,Intermediate
24.43,33.17,71.7,2,32.82,24.23,Beginner
66.39,62.01,33.6,2,80.3,72.58,Intermediate
49.92,39.23,40.0,2,44.44,53.06,Beginner
58.37,64.16,70.9,3,42.11,55.21,Beginner
66.95,77.28,25.5,2,67.78,82.99,Intermediate
50.26,70.96,76.2,1,40.44,50.12,Beginner
46.49,36.89,44.4,3,33.83,50.5,Beginner
60.68,66.27,47.2,3,52.04,66.79,Intermediate
38.26,34.98,32.5,1,68.08,51.58,Beginner
38.28,44.55,62.6,1,39.92,31.14,Beginner
73.59,61.82,104.2,1,77.93,72.36,Intermediate
37.02,26.92,70.6,1,22.36,52.59,Beginner
73.33,67.12,37.7,3,51.2,78.23,Intermediate
69.25,69.88,77.7,2,59.42,64.3,Intermediate
25.48,20.36,48.7,2,42.74,27.73,Beginner
46.45,51.72,82.5,3,50.46,53.97,Beginner
83.88,92.1,71.1,2,91.07,93.16,Intermediate
40.38,45.17,10.0,1,49.24,41.11,Beginner
50.71,63.66,34.9,3,43.62,61.61,Beginner
69.24,72.57,73.9,3,85.9,65.09,Intermediate
75.67,65.93,58.0,3,68.07,70.95,Intermediate
54.97,65.88,34.5,2,71.84,55.67,Intermediate
48.05,43.21,42.3,3,53.36,62.83,Beginner
88.45,95.73,16.9,1,66.98,87.78,Intermediate
94.78,100.0,53.2,2,85.8,96.93,Intermediate
79.58,83.23,99.2,3,58.16,84.88,Intermediate
61.71,49.74,71.1,1,75.67,69.43,Intermediate
43.83,36.49,98.8,3,43.54,46.67,Beginner
43.39,53.97,72.6,2,16.65,52.05,Beginner
70.45,69.1,75.5,1,74.96,65.83,Intermediate
68.37,69.0,94.5,3,61.92,84.8,Intermediate
88.03,94.1,62.5,1,70.23,82.19,Intermediate
73.01,78.58,51.3,2,93.14,69.87,Intermediate
29.94,32.17,75.7,1,31.23,36.84,Beginner
81.04,79.37,84.1,3,77.52,85.03,Intermediate
40.04,37.54,45.4,1,35.25,44.8,Beginner
52.32,59.18,40.6,1,34.16,55.5,Beginner
65.0,69.43,57.8,1,49.35,59.26,Beginner
99.0,96.94,71.6,3,100.0,100.0,Advanced
99.0,100.0,71.0,2,93.31,100.0,Advanced
72.13,71.1,26.5,2,72.4,82.52,Intermediate
56.34,49.52,93.2,2,31.8,56.66,Beginner
70.69,64.62,42.2,2,54.87,75.53,Intermediate
77.75,69.92,49.7,1,85.07,78.72,Intermediate
53.59,51.41,36.9,2,58.12,64.07,Beginner
95.9,100.0,109.0,1,100.0,98.19,Intermediate
64.6,58.16,59.8,3,80.72,70.59,Intermediate
69.95,71.46,38.0,3,67.19,65.25,Intermediate
73.32,68.06,72.3,2,78.99,86.13,Intermediate
68.43,66.35,70.4,1,64.63,72.29,Intermediate
76.78,64.7,51.2,3,100.0,76.99,Intermediate
47.65,45.89,71.8,1,61.44,52.28,Beginner
48.83,47.28,38.5,1,50.87,41.86,Beginner
38.0,42.32,45.1,1,40.4,47.29,Beginner
68.79,70.58,14.8,2,86.13,62.46,Intermediate
75.58,65.99,28.5,3,82.53,78.21,Intermediate
69.16,77.83,91.2,1,87.86,71.09,Intermediate
93.49,95.17,87.8,1,67.17,98.24,Intermediate
59.89,61.48,56.3,2,65.42,63.74,Intermediate
73.37,73.3,88.3,2,67.19,79.31,Intermediate
38.17,34.02,51.8,1,59.24,40.94,Beginner
52.26,54.0,50.1,1,70.81,53.88,Beginner
73.91,77.72,56.1,3,74.3,78.51,Intermediate
76.98,63.01,52.5,3,95.41,79.69,Intermediate
54.12,49.81,50.7,3,75.52,49.67,Intermediate
58.57,56.53,77.9,3,59.46,59.27,Intermediate
29.64,31.69,58.0,1,59.31,34.74,Beginner
52.86,62.41,69.2,1,52.48,53.14,Beginner
77.81,71.63,75.6,1,75.23,76.65,Intermediate
71.5,67.52,62.8,1,81.89,69.84,Intermediate
70.01,65.91,35.6,3,65.77,69.23,Intermediate
61.0,54.58,27.9,3,62.02,63.16,Intermediate
60.14,57.36,58.0,2,77.05,61.49,Intermediate
46.79,52.96,51.6,1,47.02,49.08,Beginner
73.98,65.55,56.7,3,53.64,80.42,Intermediate
68.42,71.84,54.7,3,72.83,71.86,Intermediate
69.84,56.23,106.7,1,61.48,61.08,Beginner
49.48,44.99,28.4,3,59.86,47.13,Intermediate
16.93,14.3,15.2,1,25.29,37.16,Beginner
81.94,95.34,61.6,1,99.6,74.61,Intermediate
50.42,48.22,47.5,2,61.31,51.28,Beginner
42.74,25.13,61.3,2,55.83,50.43,Beginner
73.87,57.88,66.7,1,65.84,76.13,Intermediate
52.16,52.43,80.7,1,61.81,57.11,Beginner
81.2,86.11,24.9,3,100.0,82.05,Advanced
72.34,75.34,43.9,2,64.08,75.98,Intermediate
73.67,75.01,63.6,2,95.27,76.15,Intermediate
32.68,41.98,70.4,1,26.09,34.19,Beginner
84.24,79.92,98.9,1,74.02,84.97,Intermediate
65.23,72.38,74.1,1,68.78,72.34,Intermediate
52.61,39.56,53.9,1,61.21,54.27,Beginner
62.87,55.63,37.2,1,73.81,63.75,Intermediate
24.48,10.02,43.7,1,12.93,34.93,Beginner
68.17,65.97,43.1,2,73.39,76.49,Intermediate
39.41,39.04,68.1,1,31.19,51.76,Beginner
32.95,33.86,60.1,3,15.08,29.77,Beginner
29.55,30.05,28.5,1,18.41,38.62,Beginner
82.25,74.83,46.3,2,73.24,87.28,Intermediate
47.41,45.89,72.6,1,53.67,44.31,Beginner
90.67,78.69,62.0,2,100.0,92.93,Advanced
49.28,60.19,66.4,1,31.61,57.65,Beginner
25.85,23.42,62.7,3,30.08,28.81,Beginner
37.67,33.76,87.5,3,23.55,47.31,Beginner
84.72,97.43,59.7,2,92.27,91.17,Intermediate
56.88,46.94,47.3,1,49.41,51.91,Beginner
49.03,40.03,36.7,2,36.42,52.26,Beginner
63.2,54.43,60.0,3,72.8,69.95,Intermediate
70.04,69.49,10.0,1,62.99,65.66,Intermediate
82.35,85.8,51.3,2,78.56,78.49,Intermediate
88.97,94.89,50.9,3,62.33,91.04,Intermediate
52.8,73.38,27.7,3,64.16,63.39,Intermediate
33.48,15.48,36.4,3,43.33,44.66,Beginner
51.73,56.6,71.2,3,51.8,52.42,Beginner
65.21,60.75,59.6,3,46.87,73.9,Intermediate
40.72,36.03,57.0,2,55.24,40.45,Beginner
40.86,35.9,61.1,2,32.86,35.93,Beginner
66.88,59.61,56.9,3,61.44,69.32,Intermediate
59.03,72.5,79.9,2,86.77,69.04,Intermediate
60.66,67.39,57.5,3,52.21,69.74,Intermediate
44.83,45.02,25.8,1,53.74,47.23,Beginner
55.39,66.2,87.6,2,62.14,56.46,Beginner
41.52,29.42,62.4,1,46.2,41.86,Beginner
77.8,67.16,43.2,1,81.19,78.23,Intermediate
80.7,63.28,29.9,1,85.22,73.84,Intermediate
23.08,17.48,62.9,2,26.34,27.14,Beginner
41.41,42.7,52.7,1,40.79,42.8,Beginner
30.07,30.89,86.5,2,48.2,27.56,Beginner
47.0,48.19,48.1,2,31.25,46.21,Beginner
58.33,47.04,38.3,1,70.59,62.13,Intermediate
31.01,37.43,72.9,1,40.88,34.58,Beginner
41.56,43.48,73.5,2,49.94,44.39,Beginner
39.92,45.79,58.4,3,53.32,41.26,Beginner
64.15,49.0,68.5,3,63.03,78.47,Intermediate
61.39,63.88,54.2,3,38.96,61.45,Beginner
45.57,36.06,59.7,3,44.7,53.43,Beginner
63.54,60.36,78.3,2,51.64,63.53,Beginner
49.07,53.34,67.5,3,40.28,55.36,Beginner
54.57,55.3,51.6,3,39.66,62.95,Beginner
93.47,86.66,82.0,3,87.74,87.77,Intermediate
86.81,86.86,10.0,1,79.65,85.82,Intermediate
34.01,21.76,96.0,3,5.48,48.43,Beginner
76.59,85.8,20.9,2,85.0,89.04,Intermediate
76.23,74.59,42.5,3,100.0,79.35,Intermediate
37.03,45.98,54.2,1,44.31,40.32,Beginner
76.38,72.16,52.1,2,73.94,91.53,Intermediate
90.76,86.57,75.1,1,90.1,96.31,Intermediate
37.55,31.44,33.8,1,32.5,36.84,Beginner
41.65,48.66,60.2,1,42.73,40.6,Beginner
80.35,74.68,43.4,3,79.91,89.66,Intermediate
65.43,70.59,60.9,1,55.34,60.13,Beginner
71.03,67.97,53.7,1,91.22,77.87,Intermediate
66.81,51.0,56.9,1,48.97,69.47,Beginner
67.81,63.25,44.0,2,76.43,73.5,Intermediate
33.47,24.04,44.8,1,32.26,35.25,Beginner
80.95,81.22,60.7,1,100.0,76.69,Intermediate
83.39,73.87,73.9,2,87.48,93.49,Intermediate
55.41,62.82,43.0,2,51.09,57.5,Beginner
59.13,58.4,37.6,1,56.16,57.93,Beginner
29.38,27.96,67.3,1,29.86,32.55,Beginner
70.29,75.53,54.3,1,56.57,71.82,Intermediate
71.44,79.15,71.6,3,62.24,69.54,Intermediate
58.76,58.6,36.9,2,37.34,58.67,Beginner
82.49,76.32,19.4,2,71.41,80.18,Intermediate
53.32,39.13,44.3,1,54.45,60.12,Beginner
71.29,65.8,39.7,2,74.89,68.27,Intermediate
39.61,34.67,53.4,1,15.85,31.9,Beginner
59.53,60.39,42.3,1,57.88,48.96,Beginner
56.51,53.75,69.8,2,63.27,51.17,Beginner
64.51,70.01,49.2,2,62.55,75.51,Intermediate
52.61,47.71,58.0,1,45.0,54.5,Beginner
57.37,56.91,58.2,2,52.42,63.79,Beginner
76.52,85.99,58.9,3,70.03,83.62,Intermediate
51.26,54.0,54.5,2,43.62,55.5,Beginner
27.87,27.39,65.2,2,29.95,33.19,Beginner
94.99,90.18,39.1,3,100.0,100.0,Advanced
87.63,82.56,83.0,3,78.7,91.49,Intermediate
34.15,27.35,50.3,2,30.34,47.82,Beginner
73.79,69.47,28.8,2,73.17,79.62,Intermediate
49.94,55.99,58.8,1,41.69,48.24,Beginner
65.27,63.49,38.0,2,78.45,65.07,Intermediate
65.88,55.09,68.3,1,37.43,62.25,Beginner
55.31,69.46,99.2,1,48.94,64.19,Beginner
44.32,46.88,39.3,2,54.14,46.35,Beginner
46.19,34.93,61.6,1,42.66,43.7,Beginner
41.68,38.14,19.9,2,31.83,48.26,Beginner
43.36,44.25,64.1,2,48.65,47.31,Beginner
58.66,72.29,37.3,2,69.53,63.73,Intermediate
45.68,36.82,42.5,1,48.21,59.37,Beginner
73.64,81.45,33.0,1,64.03,79.23,Intermediate
89.74,100.0,69.6,2,95.22,90.73,Intermediate
48.4,43.37,75.1,3,43.57,46.08,Beginner
64.79,62.57,55.5,1,73.73,62.61,Intermediate
69.99,61.7,37.7,1,87.79,74.66,Intermediate
69.44,67.81,86.8,3,38.17,66.86,Beginner
61.52,61.23,40.0,1,62.85,75.44,Intermediate
74.85,80.13,11.8,3,54.02,78.95,Intermediate
69.64,78.37,64.2,2,98.95,72.37,Intermediate
35.25,29.26,32.9,2,29.63,36.43,Beginner
77.38,61.64,74.8,1,86.34,80.17,Intermediate
77.75,77.58,47.4,1,77.32,70.58,Intermediate
44.73,47.08,67.1,1,35.1,60.14,Beginner
60.76,62.75,83.0,3,49.69,73.8,Beginner
73.67,71.05,30.8,2,92.69,81.68,Intermediate
55.81,56.81,43.7,2,67.28,51.01,Intermediate
81.46,93.58,53.5,3,100.0,86.18,Intermediate
99.0,100.0,85.8,1,99.67,100.0,Intermediate
44.28,41.29,41.8,2,47.74,52.3,Beginner
32.38,28.38,43.1,2,29.17,31.78,Beginner
66.08,64.72,64.6,3,62.63,66.89,Intermediate
74.43,87.53,43.5,1,61.93,71.77,Intermediate
55.38,53.92,58.1,2,56.39,55.33,Beginner
89.07,88.91,24.0,3,79.59,100.0,Advanced
33.23,29.37,99.3,2,38.53,27.04,Beginner
73.86,82.65,28.0,1,75.9,77.89,Intermediate
47.88,63.56,48.6,2,51.33,44.3,Beginner
94.39,97.99,54.4,1,100.0,87.07,Intermediate
99.0,99.66,93.3,2,98.55,87.02,Advanced
44.67,44.96,28.5,3,53.75,47.8,Beginner
49.01,29.93,94.7,2,73.63,62.15,Beginner
77.19,83.15,70.1,2,92.87,80.61,Intermediate
52.26,53.33,63.3,2,66.1,48.89,Beginner
59.09,62.52,35.3,1,55.41,66.47,Beginner
60.51,54.82,66.4,1,63.26,69.05,Beginner
21.61,18.53,40.5,3,5.79,30.5,Beginner
59.72,56.44,80.3,2,65.71,75.15,Beginner
46.21,54.38,35.6,1,49.5,53.44,Beginner
50.14,47.11,52.7,1,50.42,56.22,Beginner
88.87,100.0,43.9,2,100.0,84.94,Advanced
34.87,38.32,35.2,3,20.38,45.84,Beginner
76.26,66.06,69.8,3,95.88,81.46,Intermediate
54.42,53.39,65.7,1,65.24,59.19,Beginner
54.4,49.19,79.2,3,53.56,55.94,Beginner
75.81,58.25,19.4,2,74.02,78.51,Intermediate
66.8,79.6,76.3,2,72.57,64.56,Intermediate
71.41,77.04,105.1,2,89.66,57.82,Intermediate
79.36,83.63,46.0,1,80.58,85.0,Intermediate
53.37,54.7,92.9,3,55.1,50.09,Beginner
47.76,36.7,49.7,1,47.97,50.58,Beginner
38.3,34.43,27.6,1,59.68,43.23,Beginner
43.49,50.23,48.9,3,39.07,51.97,Beginner
99.0,90.59,76.0,2,98.65,97.38,Advanced
84.89,64.64,38.2,3,100.0,89.73,Advanced
32.98,31.16,43.0,2,34.74,41.17,Beginner
33.55,32.42,66.9,2,47.2,43.28,Beginner
69.64,70.72,55.1,3,58.7,84.47,Intermediate
70.95,76.77,66.7,1,68.48,72.67,Intermediate
70.98,76.08,59.8,3,88.79,75.68,Intermediate
54.9,56.97,64.6,1,46.78,51.07,Beginner
57.49,67.06,46.4,3,55.68,65.51,Intermediate
66.56,54.41,59.6,1,69.64,71.24,Intermediate
61.72,65.75,36.5,2,49.85,63.63,Intermediate
15.61,20.63,80.8,3,10.65,27.63,Beginner
55.4,45.49,42.3,2,56.76,57.22,Beginner
42.97,30.95,77.6,2,43.53,51.56,Beginner
63.5,57.54,50.3,3,78.87,73.9,Intermediate
99.0,93.71,59.0,2,100.0,100.0,Advanced
67.35,73.38,45.1,3,57.08,72.67,Intermediate
53.73,48.81,34.7,2,55.06,51.19,Beginner
78.44,71.59,20.1,1,86.53,74.49,Intermediate
69.65,64.76,33.9,1,87.85,73.65,Intermediate
68.4,77.35,48.5,1,77.02,83.62,Intermediate
72.14,72.24,59.2,1,75.63,70.32,Intermediate
99.0,97.57,75.2,2,100.0,100.0,Advanced
37.38,36.5,46.1,1,45.47,37.06,Beginner
69.47,79.81,37.4,1,58.34,64.07,Intermediate
41.47,35.48,26.1,1,43.79,40.1,Beginner
71.11,81.63,64.6,3,88.62,62.93,Intermediate
41.63,43.31,82.7,2,39.14,54.42,Beginner
51.65,50.37,80.3,2,53.21,42.14,Beginner
54.1,74.11,69.2,3,51.19,58.19,Beginner
79.52,71.07,67.8,1,51.75,72.09,Intermediate
78.37,75.54,89.0,3,78.62,76.79,Intermediate
35.09,25.23,61.6,2,38.71,48.54,Beginner
61.1,68.72,67.9,1,54.95,63.42,Beginner
45.81,59.32,48.6,2,31.95,44.35,Beginner
34.83,48.19,27.8,3,24.26,38.51,Beginner
55.66,65.45,41.3,2,64.83,54.61,Intermediate
53.83,52.25,54.8,3,77.5,59.26,Intermediate
99.0,96.08,56.2,1,100.0,98.12,Advanced
68.66,55.29,93.5,1,52.53,80.54,Beginner
32.45,48.73,56.6,1,42.7,24.35,Beginner
48.7,52.46,78.6,1,40.75,50.6,Beginner
80.43,76.49,46.3,1,73.44,78.1,Intermediate
99.0,100.0,48.8,3,93.46,100.0,Advanced
28.28,20.5,28.4,1,36.75,34.15,Beginner
22.4,25.65,40.2,2,33.91,32.15,Beginner
97.42,96.04,65.5,2,96.24,99.7,Advanced
67.79,72.9,55.2,3,66.82,66.78,Intermediate
42.63,42.13,73.9,3,48.21,56.49,Beginner
70.69,59.09,58.6,3,77.51,79.83,Intermediate
7.29,7.89,48.0,3,21.4,22.2,Beginner
60.07,68.46,98.0,3,44.66,72.85,Beginner
66.56,66.32,53.1,3,66.8,73.74,Intermediate
78.49,84.69,78.3,2,65.67,89.09,Intermediate
39.72,31.36,47.0,1,39.11,44.81,Beginner
61.71,61.5,69.2,2,59.0,63.46,Beginner
41.49,36.5,73.6,2,40.93,46.13,Beginner
65.11,71.08,59.2,2,55.51,67.76,Intermediate
42.09,42.35,10.0,1,24.25,41.61,Beginner
51.84,57.36,55.4,2,26.7,65.48,Beginner
40.08,48.79,79.6,3,38.51,48.65,Beginner
73.02,78.56,65.5,1,67.85,73.75,Intermediate
77.17,79.35,63.9,3,69.06,83.33,Intermediate
55.31,47.32,20.6,2,71.18,76.76,Intermediate
60.76,60.74,40.6,3,50.45,59.11,Intermediate
31.03,26.76,63.2,3,48.03,33.48,Beginner
54.01,51.25,63.2,3,73.49,51.4,Intermediate
59.0,56.0,79.3,2,35.59,60.88,Beginner
99.0,91.16,52.1,1,100.0,98.55,Advanced
37.76,22.1,63.1,2,32.96,39.95,Beginner
89.28,83.94,55.3,3,54.34,88.9,Intermediate
79.94,81.48,35.3,3,62.6,84.4,Intermediate
65.61,54.83,10.0,3,74.91,67.35,Intermediate
95.17,95.3,63.6,1,100.0,95.42,Intermediate
67.44,82.64,58.5,2,78.27,76.73,Intermediate
67.78,75.97,42.6,1,71.67,72.42,Intermediate
58.94,72.09,22.6,1,58.68,65.51,Beginner
84.47,87.6,67.6,1,100.0,90.23,Intermediate
81.93,91.27,49.7,1,100.0,83.07,Intermediate
47.49,41.69,66.1,3,40.44,52.74,Beginner
33.62,28.46,92.3,1,9.62,32.29,Beginner
55.94,34.03,12.2,1,30.76,55.12,Beginner
44.0,53.49,41.0,3,59.86,47.34,Beginner
58.73,71.05,50.8,2,58.16,66.42,Beginner
84.75,80.32,84.1,1,86.95,86.05,Intermediate
50.85,48.82,22.3,1,29.37,56.97,Beginner
59.14,53.11,93.7,1,50.11,53.45,Beginner
61.16,64.22,57.7,1,57.61,70.86,Beginner
76.97,85.97,53.1,1,79.46,74.25,Intermediate
15.06,1.12,51.0,2,10.28,15.26,Beginner
47.87,51.14,46.3,1,35.42,47.4,Beginner
64.23,62.01,76.0,2,54.81,81.99,Beginner
84.0,84.91,33.6,3,98.5,84.96,Advanced
50.16,53.83,61.9,2,53.1,52.2,Beginner
22.47,20.96,47.3,3,29.81,29.52,Beginner
72.39,71.57,39.8,2,61.61,73.71,Intermediate
47.29,45.58,106.7,2,11.85,43.82,Beginner
36.21,43.97,63.4,3,29.93,44.17,Beginner
47.51,50.86,67.3,1,37.11,56.17,Beginner
56.31,58.07,77.8,1,60.5,59.69,Beginner
47.91,37.74,26.6,2,87.33,45.41,Intermediate
15.89,12.86,90.0,2,24.23,20.55,Beginner
77.94,85.13,10.0,3,100.0,78.4,Advanced
85.5,85.8,39.6,3,92.32,88.98,Advanced
73.03,78.31,45.8,2,65.47,83.17,Intermediate
37.25,51.38,66.6,2,41.42,41.37,Beginner
55.97,64.28,59.4,2,77.34,58.96,Intermediate
59.87,60.61,51.7,3,81.82,75.75,Intermediate
71.98,67.89,54.8,3,65.07,81.48,Intermediate
73.37,52.94,35.4,3,76.41,80.94,Intermediate
45.32,43.97,25.1,1,28.17,59.44,Beginner
61.64,59.03,69.5,3,71.54,69.65,Intermediate
69.15,72.27,68.9,1,87.79,57.69,Intermediate
89.12,87.89,86.7,1,89.59,92.98,Intermediate
74.09,71.53,39.2,3,66.08,68.61,Intermediate
75.78,61.55,68.9,1,80.1,78.43,Intermediate
61.68,54.16,49.3,3,66.69,56.46,Intermediate
88.21,92.02,78.8,1,89.18,84.35,Intermediate
68.2,81.92,75.4,3,70.34,70.56,Intermediate
42.78,42.0,59.2,1,40.69,40.74,Beginner
88.07,90.69,48.2,2,100.0,86.93,Advanced
73.96,81.58,74.2,1,82.79,80.24,Intermediate
51.14,44.65,67.9,2,39.34,50.76,Beginner
50.41,53.34,41.3,1,38.28,55.65,Beginner
65.93,60.01,28.4,2,62.88,62.86,Intermediate
69.26,76.18,49.2,1,78.11,68.59,Intermediate
63.95,65.16,85.3,1,65.72,66.77,Beginner
66.23,68.61,77.9,1,58.51,60.95,Beginner
94.0,87.74,32.8,2,97.14,86.61,Advanced
81.43,87.09,31.6,3,77.46,87.87,Intermediate
63.81,80.49,80.5,3,74.38,75.45,Intermediate
78.83,70.76,32.3,1,82.82,78.05,Intermediate
39.35,36.63,65.2,2,35.57,41.46,Beginner
67.96,69.81,42.7,3,70.74,73.46,Intermediate
96.19,100.0,87.3,1,100.0,94.82,Intermediate
55.64,51.16,39.6,2,48.8,60.65,Beginner
43.05,20.38,77.9,2,47.88,32.43,Beginner
46.96,57.83,58.7,1,46.11,42.79,Beginner
38.21,44.29,60.0,1,43.33,36.08,Beginner
44.3,30.36,15.6,1,36.45,47.67,Beginner
52.59,47.73,10.9,2,53.91,57.5,Beginner
31.89,44.43,50.6,1,45.18,39.15,Beginner
60.31,71.89,59.9,1,49.07,63.03,Beginner
78.05,85.55,32.5,1,62.09,70.0,Intermediate
41.84,40.44,33.2,1,26.35,53.18,Beginner
90.39,91.05,66.2,1,76.34,96.79,Intermediate
70.22,69.17,66.3,3,77.36,67.05,Intermediate
80.61,89.64,52.2,1,63.74,82.16,Intermediate
46.84,39.84,70.6,2,43.27,47.52,Beginner
77.09,70.64,31.5,2,84.51,79.76,Intermediate
38.16,46.24,47.9,2,43.16,49.43,Beginner
77.8,77.45,88.0,2,73.18,92.36,Intermediate
63.44,74.46,56.4,1,65.73,68.87,Intermediate
71.07,65.69,57.5,3,72.35,77.15,Intermediate
36.49,36.05,101.1,2,33.8,36.53,Beginner
42.1,34.72,27.0,3,39.57,49.82,Beginner
71.94,72.0,70.9,2,98.77,82.35,Intermediate
41.03,29.2,88.3,3,50.74,47.48,Beginner
69.26,65.36,48.5,3,99.03,68.41,Intermediate
32.66,21.17,72.2,3,26.69,30.33,Beginner
76.96,82.51,35.4,2,75.94,81.88,Intermediate
35.35,41.08,41.3,2,19.36,42.01,Beginner
71.05,57.2,62.7,3,61.33,71.49,Intermediate
72.51,83.18,71.0,3,95.34,82.87,Intermediate
46.06,66.04,77.4,3,39.8,49.85,Beginner
71.64,72.01,86.4,1,94.67,71.1,Intermediate
65.21,60.08,53.7,3,50.29,69.89,Intermediate
49.22,71.82,78.9,1,36.58,49.18,Beginner
39.83,29.28,48.2,2,35.73,46.06,Beginner
20.75,20.91,73.0,1,19.98,32.0,Beginner
66.99,68.43,59.1,1,78.07,60.78,Intermediate
28.7,39.47,63.9,3,34.11,39.34,Beginner
61.91,64.78,63.5,1,56.91,63.99,Beginner
54.73,50.74,22.9,2,53.13,59.28,Beginner
73.58,65.97,32.5,2,69.75,80.93,Intermediate
53.96,51.22,57.1,1,42.98,55.94,Beginner
53.41,45.36,21.3,1,42.76,58.02,Beginner
74.64,75.02,71.6,2,86.97,80.96,Intermediate
66.7,62.19,72.4,1,44.76,64.34,Beginner
66.32,54.37,61.5,3,85.73,72.81,Intermediate
69.39,79.43,32.6,3,65.27,72.33,Intermediate
29.29,25.31,82.6,1,20.02,32.15,Beginner
75.14,64.99,95.7,1,84.01,73.19,Intermediate
72.25,70.9,57.9,2,90.07,77.3,Intermediate
39.67,40.21,65.2,2,53.08,44.98,Beginner
55.12,41.15,59.0,1,61.14,59.08,Beginner
59.21,61.87,65.6,1,72.26,60.37,Beginner
57.31,48.93,52.6,2,36.71,51.1,Beginner
66.68,80.37,54.3,3,60.42,71.53,Intermediate
88.63,92.82,73.1,2,77.69,89.92,Intermediate
81.64,78.44,101.9,2,96.33,81.56,Intermediate
33.76,27.79,27.0,3,29.15,37.49,Beginner
72.44,71.6,52.9,2,82.59,67.47,Intermediate
86.58,91.48,31.4,2,93.01,91.4,Intermediate
67.74,67.53,86.8,2,57.39,68.68,Intermediate
81.82,80.08,43.2,3,74.78,86.3,Intermediate
99.0,99.47,26.1,2,100.0,97.39,Advanced
80.47,75.64,67.8,3,71.17,84.0,Intermediate
64.99,62.24,89.9,2,66.48,65.09,Intermediate
80.9,64.22,68.3,2,71.51,76.62,Intermediate
62.9,70.69,59.1,1,59.13,66.71,Beginner
60.48,62.87,63.2,1,59.92,58.02,Beginner
52.97,46.78,83.3,3,43.58,59.72,Beginner
91.27,100.0,37.5,1,79.74,92.43,Intermediate
43.63,44.33,52.8,2,47.07,44.62,Beginner
90.65,82.36,45.9,1,80.51,82.17,Intermediate
70.0,76.85,31.6,3,60.27,88.95,Intermediate
32.01,35.2,48.4,1,20.75,32.29,Beginner
67.35,70.51,77.2,3,66.42,75.71,Intermediate
18.0,14.59,66.3,2,29.32,36.2,Beginner
72.51,76.11,67.9,1,90.59,77.45,Intermediate
77.7,75.61,57.9,2,68.99,77.69,Intermediate
48.15,52.6,65.5,1,73.96,49.9,Beginner
62.47,47.23,39.0,1,50.41,58.48,Beginner
99.0,95.53,48.8,2,100.0,100.0,Advanced
49.89,63.66,58.8,1,41.22,55.29,Beginner
38.82,32.69,60.6,3,28.37,42.63,Beginner
89.63,84.8,61.4,1,80.7,82.21,Intermediate
99.0,95.42,52.2,2,98.37,91.15,Advanced
60.07,50.36,47.5,2,67.03,69.19,Intermediate
80.23,62.56,118.2,2,88.27,79.53,Intermediate
86.83,84.98,73.1,2,75.5,89.17,Intermediate
45.15,46.24,63.3,2,33.27,44.6,Beginner
50.29,49.87,50.3,2,39.29,45.49,Beginner
84.62,83.46,46.0,2,83.28,91.62,Intermediate
93.7,94.04,52.4,1,91.18,92.46,Intermediate
71.26,79.44,60.9,2,59.86,79.0,Intermediate
42.4,40.88,17.4,1,45.64,42.7,Beginner
99.0,94.41,23.6,1,100.0,95.66,Advanced
49.38,47.13,42.3,2,43.32,57.71,Beginner
53.3,57.93,59.1,2,48.1,61.43,Beginner
66.85,78.14,50.2,2,73.56,74.28,Intermediate
91.08,86.06,84.6,2,84.38,90.03,Intermediate
77.08,77.87,25.4,1,85.11,80.6,Intermediate
68.3,71.0,40.0,1,59.67,75.49,Intermediate
69.27,61.33,85.4,1,91.25,69.1,Intermediate
60.87,61.03,57.6,2,65.01,60.92,Intermediate
71.16,59.44,72.7,2,63.72,81.53,Intermediate
9.41,0.0,96.0,1,2.34,10.73,Beginner
54.07,57.0,41.1,2,47.9,61.52,Beginner
64.83,61.76,53.0,2,81.3,67.29,Intermediate
36.98,38.6,49.6,2,21.75,30.97,Beginner
67.73,67.58,15.9,2,59.71,77.08,Intermediate
55.91,48.1,48.8,2,49.17,42.89,Beginner
95.11,94.75,72.6,2,94.92,83.6,Advanced
91.46,81.6,65.8,1,88.21,93.31,Intermediate
50.68,61.81,67.4,1,32.79,55.79,Beginner
56.98,46.14,47.5,1,52.19,54.6,Beginner
58.52,56.95,41.9,2,57.33,62.73,Intermediate
50.97,42.63,80.4,3,43.43,41.7,Beginner
63.9,68.46,45.1,2,72.14,71.03,Intermediate
44.83,42.18,60.9,1,55.87,48.75,Beginner
37.39,33.24,58.3,3,36.45,44.12,Beginner
72.45,79.28,84.2,3,75.22,76.78,Intermediate
72.59,72.83,74.4,3,46.66,79.74,Intermediate
43.91,48.05,29.1,2,38.86,48.23,Beginner
77.91,70.06,31.2,3,89.96,70.43,Intermediate
47.37,36.13,66.6,1,42.29,62.76,Beginner
65.06,65.92,53.7,1,56.22,73.06,Beginner
76.41,73.86,45.9,1,100.0,68.58,Intermediate
59.33,64.34,75.3,2,81.16,60.51,Intermediate
69.09,68.46,58.7,1,74.71,68.15,Intermediate
49.67,51.31,56.0,2,63.34,60.17,Beginner
56.07,43.08,70.6,2,29.36,46.63,Beginner
55.88,70.99,47.5,1,46.43,54.42,Beginner
45.07,43.75,86.4,3,39.43,40.9,Beginner
56.46,62.05,39.2,1,53.63,56.24,Beginner
29.03,22.34,68.1,2,23.15,31.87,Beginner
50.18,52.64,83.7,3,19.58,56.64,Beginner
54.3,43.88,27.5,1,58.93,52.33,Beginner
54.88,58.49,48.1,2,61.4,53.98,Beginner
55.17,52.32,77.8,3,74.39,64.47,Intermediate
58.76,59.0,78.1,3,49.31,66.79,Beginner
69.59,75.17,51.6,3,59.15,77.33,Intermediate
77.49,67.63,40.3,1,45.33,76.23,Intermediate
47.0,41.53,74.1,2,43.48,47.81,Beginner
35.94,39.59,78.7,1,46.75,38.35,Beginner
39.16,55.94,31.7,1,31.82,45.03,Beginner
50.26,49.15,30.9,1,75.98,39.17,Beginner
52.96,57.69,59.5,1,49.88,57.09,Beginner
44.6,43.74,67.6,3,46.36,52.89,Beginner
34.08,49.62,49.0,1,17.72,37.72,Beginner
50.88,36.9,68.6,2,54.32,53.91,Beginner
63.63,64.39,40.8,2,39.88,51.14,Beginner
71.9,58.9,12.7,2,80.22,71.51,Intermediate
48.85,28.8,46.5,3,57.54,65.68,Beginner
51.74,54.12,56.3,1,68.05,53.68,Beginner
41.47,42.58,49.5,2,29.23,44.31,Beginner
59.37,57.09,31.8,2,61.3,62.72,Intermediate
43.03,42.18,18.7,1,49.8,47.72,Beginner
71.46,96.25,44.7,2,76.77,77.7,Intermediate
24.28,22.22,73.0,3,13.9,30.97,Beginner
52.81,56.89,80.1,1,24.1,57.13,Beginner
66.02,60.83,78.8,1,70.19,76.8,Intermediate
63.68,66.04,38.7,1,61.85,70.62,Intermediate
99.0,97.09,31.9,3,92.2,100.0,Advanced
67.0,63.71,64.9,2,76.16,65.7,Intermediate
39.92,54.47,67.7,2,39.38,54.78,Beginner
58.09,67.51,63.0,2,42.26,56.7,Beginner
24.48,25.57,14.7,3,1.3,34.64,Beginner
58.39,39.95,37.7,3,44.84,68.11,Intermediate
43.34,40.45,54.4,3,72.06,46.81,Beginner
78.31,99.93,64.7,3,86.98,82.57,Intermediate
49.01,47.16,70.3,2,51.27,58.55,Beginner
57.66,66.49,57.9,2,55.48,56.79,Beginner
47.29,58.82,61.6,3,44.32,63.52,Beginner
94.78,96.53,56.7,3,100.0,88.89,Advanced
53.58,46.84,68.7,1,47.69,66.93,Beginner
96.65,77.17,61.3,1,100.0,100.0,Advanced
76.28,81.76,56.3,3,72.1,79.64,Intermediate
69.64,63.12,49.6,1,92.92,67.65,Intermediate
67.37,68.78,56.6,3,76.28,68.94,Intermediate
67.88,57.88,64.7,2,82.82,69.63,Intermediate
21.45,19.32,60.3,1,14.43,25.44,Beginner
54.42,54.69,62.6,1,67.12,63.6,Beginner
76.9,79.05,81.9,1,73.15,88.56,Intermediate
59.02,50.1,60.3,1,60.34,61.5,Beginner
31.9,41.47,42.0,2,51.52,32.27,Beginner
58.95,54.18,72.7,2,46.44,58.96,Beginner
94.08,80.69,27.7,3,96.52,95.46,Advanced
84.94,84.07,33.4,2,90.19,79.96,Intermediate
58.76,59.03,61.7,2,65.0,54.99,Intermediate
79.03,80.31,65.3,2,73.62,93.29,Intermediate
52.67,63.57,30.1,2,77.71,58.27,Intermediate
25.92,24.03,47.3,2,10.38,26.85,Beginner
41.51,40.55,42.9,1,59.02,49.09,Beginner
91.26,82.43,45.3,1,100.0,82.89,Intermediate
54.52,61.08,73.9,1,77.33,49.58,Beginner
55.13,56.61,69.1,1,36.07,51.9,Beginner
54.0,50.64,54.6,2,43.58,67.61,Beginner
98.08,82.85,44.1,1,100.0,94.72,Advanced
92.52,100.0,28.0,3,69.99,80.47,Intermediate
99.0,89.18,83.4,3,79.72,100.0,Advanced
56.82,52.09,66.8,3,50.96,60.44,Beginner
65.91,68.78,40.9,3,68.22,59.54,Intermediate
29.67,20.09,69.4,1,48.77,31.39,Beginner
89.54,77.59,53.6,2,87.32,93.5,Intermediate
36.64,19.65,49.3,1,29.35,42.14,Beginner
64.34,70.1,63.7,3,68.07,79.98,Intermediate
38.05,33.69,40.2,3,43.69,39.89,Beginner
48.22,71.64,48.1,3,53.52,54.65,Beginner
43.25,35.3,57.4,2,41.12,43.6,Beginner
47.84,40.47,45.0,3,24.38,44.76,Beginner
49.22,44.69,68.4,1,38.21,56.59,Beginner
49.03,50.98,92.4,1,66.08,53.89,Beginner
76.67,72.91,39.9,3,78.91,82.24,Intermediate
37.9,42.8,21.7,2,34.03,45.43,Beginner
64.41,56.58,15.0,3,77.83,65.15,Intermediate
84.36,73.31,52.0,1,70.8,77.58,Intermediate
49.74,35.35,41.7,3,47.03,55.98,Beginner
45.64,27.85,59.2,2,47.29,56.96,Beginner
55.39,51.24,57.7,3,50.09,70.61,Beginner
83.59,81.19,22.9,3,84.8,91.68,Intermediate
63.88,58.83,18.7,3,61.63,68.95,Intermediate
49.38,59.32,60.9,1,32.58,53.04,Beginner
69.68,79.5,57.7,3,71.86,74.17,Intermediate
37.95,35.28,46.5,1,22.01,34.76,Beginner
73.63,59.28,21.9,1,75.61,73.88,Intermediate
68.17,63.64,64.4,2,84.66,62.71,Intermediate
53.84,49.05,80.4,3,50.47,58.79,Beginner
43.23,37.97,60.6,2,29.17,57.59,Beginner
42.27,36.68,38.1,3,40.74,53.82,Beginner
70.7,65.47,55.9,2,60.71,67.5,Intermediate
84.58,81.49,27.7,1,91.71,83.38,Intermediate
47.25,42.17,76.2,3,45.48,48.47,Beginner
69.17,70.83,56.6,1,89.68,69.26,Intermediate
18.26,21.14,19.6,3,32.22,33.05,Beginner
48.31,41.02,49.0,1,46.47,54.36,Beginner
59.38,69.55,64.3,2,67.97,77.53,Intermediate
41.81,33.97,48.3,2,37.09,53.62,Beginner
41.27,28.33,49.5,1,41.68,45.19,Beginner
46.64,49.69,30.5,2,42.31,54.98,Beginner
65.84,59.3,66.3,1,75.04,65.36,Intermediate
56.25,58.82,42.0,1,73.45,50.99,Intermediate
15.24,0.0,11.9,1,24.82,27.85,Beginner
17.59,28.73,47.6,2,28.65,30.23,Beginner
47.86,53.24,74.6,3,58.94,52.59,Beginner
69.15,57.15,47.3,2,75.77,73.27,Intermediate
5.05,0.0,89.8,3,0.0,22.09,Beginner
50.01,63.38,63.6,2,70.42,59.08,Beginner
49.48,43.58,61.8,2,71.13,44.74,Beginner
87.77,81.09,52.4,2,84.96,90.21,Intermediate
52.3,34.17,53.6,2,47.85,55.11,Beginner
67.66,64.85,49.7,2,75.01,76.93,Intermediate
62.83,61.0,49.0,1,69.43,69.99,Intermediate
17.39,23.11,65.6,3,14.97,33.91,Beginner
75.36,64.17,36.3,3,60.36,72.63,Intermediate
64.31,52.15,33.5,1,67.98,60.46,Intermediate
70.17,73.77,32.5,3,76.78,81.24,Intermediate
99.0,100.0,95.9,1,100.0,93.53,Intermediate
18.32,5.75,65.6,1,22.51,13.72,Beginner
94.49,100.0,61.1,1,91.24,96.13,Intermediate
54.25,54.55,33.8,3,66.18,56.63,Intermediate
65.75,74.48,67.5,3,66.54,81.23,Intermediate
59.09,58.53,52.7,3,53.51,66.14,Intermediate
51.52,31.34,59.3,1,49.35,54.36,Beginner
48.6,47.39,35.5,2,27.65,50.5,Beginner
66.59,75.07,58.2,2,64.4,78.81,Intermediate
29.66,22.51,46.5,1,37.92,35.44,Beginner
75.01,71.91,39.7,2,79.09,74.56,Intermediate
51.68,50.27,69.7,1,69.92,48.78,Beginner
37.4,14.2,24.2,1,34.24,39.97,Beginner
51.0,64.37,66.3,2,56.85,49.05,Beginner
85.14,77.93,68.7,2,94.66,92.5,Intermediate
49.29,53.34,37.4,1,77.41,40.5,Beginner
67.17,66.48,38.6,1,68.91,66.96,Intermediate
45.38,55.44,50.5,1,32.85,51.41,Beginner
75.16,78.41,60.6,1,85.33,77.2,Intermediate
73.71,71.83,51.9,1,96.1,69.51,Intermediate
96.97,89.82,63.7,2,93.1,100.0,Advanced
56.49,62.87,90.3,2,66.58,54.65,Beginner
73.37,58.39,44.8,2,88.12,75.37,Intermediate
61.96,67.13,20.7,3,74.17,70.92,Intermediate
85.92,77.13,71.5,2,87.42,89.82,Intermediate
45.62,55.64,88.7,1,37.24,43.92,Beginner
74.9,76.19,62.9,1,73.92,82.09,Intermediate
56.11,61.26,33.2,3,61.61,62.14,Intermediate
58.72,59.37,52.5,1,69.61,64.48,Beginner
61.84,47.82,32.6,1,65.84,72.06,Intermediate
65.04,58.16,67.9,1,60.49,72.55,Beginner
57.68,63.05,28.0,2,64.34,67.78,Intermediate
64.29,65.63,49.0,2,74.62,68.31,Intermediate
91.56,100.0,34.9,3,96.12,99.0,Advanced
79.71,82.94,57.5,3,69.67,84.61,Intermediate
77.38,69.65,47.7,2,75.21,71.94,Intermediate
50.89,44.52,58.5,2,62.26,56.63,Beginner
42.22,43.04,55.4,1,25.62,46.38,Beginner
79.11,60.59,35.3,1,53.99,82.28,Intermediate
77.52,90.91,67.5,1,95.62,76.55,Intermediate
89.45,92.99,54.0,1,95.59,83.73,Intermediate
47.92,57.74,35.2,1,55.2,54.03,Beginner
55.41,42.76,99.8,1,42.49,49.1,Beginner
27.21,37.17,64.5,1,36.06,39.79,Beginner
52.15,70.0,51.9,3,55.45,56.59,Beginner
79.93,69.36,83.3,2,60.92,83.01,Intermediate
50.67,56.84,91.8,3,67.76,59.97,Beginner
72.81,72.82,52.1,2,74.71,78.53,Intermediate
56.19,43.83,61.9,2,51.44,51.24,Beginner
66.48,70.42,35.2,1,61.95,72.11,Intermediate
37.05,43.71,52.1,1,12.86,41.9,Beginner
61.7,56.9,51.0,1,68.82,58.96,Intermediate
5.0,14.33,58.7,3,8.14,10.1,Beginner
56.26,42.93,61.7,3,53.93,59.76,Beginner
27.39,15.43,66.2,1,42.73,23.41,Beginner
84.12,85.21,59.8,1,67.51,93.72,Intermediate
75.55,75.75,30.8,2,68.39,86.42,Intermediate
69.33,63.6,36.2,1,59.13,72.5,Intermediate
90.42,96.9,44.1,2,87.07,89.85,Intermediate
41.02,45.27,49.4,1,41.83,42.56,Beginner
94.95,100.0,76.0,2,100.0,99.9,Advanced
78.64,77.66,31.7,1,74.48,88.9,Intermediate
55.27,60.09,47.9,2,44.74,55.43,Beginner
82.71,79.15,74.1,1,100.0,75.39,Intermediate
37.87,54.3,49.0,2,66.81,52.13,Beginner
43.51,37.01,64.2,3,45.23,39.31,Beginner
47.83,64.67,52.2,1,38.75,43.95,Beginner
49.42,49.7,60.1,3,67.13,53.99,Beginner
38.87,27.86,50.4,3,21.51,36.4,Beginner
84.46,95.41,68.3,3,80.44,94.38,Intermediate
54.82,55.83,24.1,3,46.47,65.58,Intermediate
67.05,73.86,47.7,2,53.14,66.24,Intermediate
48.59,58.38,60.9,3,45.23,62.38,Beginner
23.59,26.29,65.7,1,13.22,36.4,Beginner
65.4,60.66,84.9,2,65.55,67.49,Intermediate
21.75,29.56,47.2,3,22.08,27.31,Beginner
58.63,58.63,84.6,3,51.17,77.49,Beginner
32.63,38.12,41.8,3,28.19,44.35,Beginner
99.0,81.77,81.6,3,96.23,100.0,Advanced
78.23,81.8,71.3,3,87.95,90.15,Intermediate
62.12,57.01,36.7,2,60.33,66.96,Intermediate
85.27,98.5,61.1,3,95.17,85.42,Intermediate
43.07,48.06,54.0,2,50.1,48.11,Beginner
70.87,72.79,67.5,3,77.73,81.43,Intermediate
64.0,67.89,50.5,3,80.65,56.92,Intermediate
65.28,57.29,48.9,3,51.85,68.33,Intermediate
85.45,98.43,82.4,2,79.77,94.91,Intermediate
74.65,90.58,53.0,1,95.81,71.61,Intermediate
65.77,68.92,71.5,1,62.69,75.79,Beginner
26.9,39.63,50.5,3,0.0,43.24,Beginner
40.8,36.25,88.3,2,38.36,45.14,Beginner
57.55,51.17,41.4,1,59.17,55.53,Beginner
61.87,62.19,42.7,1,30.46,61.19,Beginner
37.4,40.88,85.5,3,53.4,60.39,Beginner
99.0,95.85,46.1,3,90.44,100.0,Advanced
90.33,94.63,87.0,3,94.27,93.85,Intermediate
72.04,74.49,72.8,2,69.33,70.63,Intermediate
61.44,53.45,51.9,2,45.98,65.23,Beginner
55.76,59.91,18.7,1,42.91,58.76,Beginner
40.96,47.87,54.6,1,29.74,36.22,Beginner
61.55,62.92,57.0,3,74.58,67.11,Intermediate
65.16,74.38,78.3,1,63.38,73.88,Beginner
35.16,25.43,86.8,2,28.9,29.56,Beginner
66.68,70.43,41.3,2,55.47,74.31,Intermediate
56.89,47.53,71.0,2,71.25,68.59,Intermediate
